<?xml version = '1.0' encoding = 'UTF-8'?>
<Relation class="oracle.dbtools.crest.model.design.logical.Relation" name="detalle ventas venta fk" directorySegmentName="seg_0" id="0E9AC921-1887-EF99-61CB-909544FE4BD2">
<createdBy>usuario</createdBy>
<createdTime>2024-11-04 18:12:41 UTC</createdTime>
<generatorID>3BBF387B-467E-E295-043A-02633F9E018D</generatorID>
<ownerDesignName>tienda_ropa_2</ownerDesignName>
<engineerTo>
<item key="62005CB7-DEAA-916A-6660-E72EF7EC8042" value="true"/>
</engineerTo>
<sourcePk>DAA54E7D-EB22-C227-B3ED-EC24DE4EE88D</sourcePk>
<identifying>false</identifying>
<optionalSource>true</optionalSource>
<optionalTarget>false</optionalTarget>
<sourceCardinality>1</sourceCardinality>
<sourceEntity>D3354022-BEDB-B1D4-6407-7FA40232B1B0</sourceEntity>
<targetCardinalityString>*</targetCardinalityString>
<targetEntity>D3596FCC-7E3D-D356-620F-03A1213DC354</targetEntity>
<transferable>true</transferable>
<deleteRule>NO ACTION</deleteRule>
</Relation>