<?xml version = '1.0' encoding = 'UTF-8'?>
<Relation class="oracle.dbtools.crest.model.design.logical.Relation" name="ventas usuario fk" directorySegmentName="seg_0" id="284189F5-D08F-1339-BD3F-1C4EB608AEDD">
<createdBy>usuario</createdBy>
<createdTime>2024-11-04 18:12:41 UTC</createdTime>
<generatorID>D9D5F681-37CF-A22C-5194-A7618C6E7EC9</generatorID>
<ownerDesignName>tienda_ropa_2</ownerDesignName>
<engineerTo>
<item key="62005CB7-DEAA-916A-6660-E72EF7EC8042" value="true"/>
</engineerTo>
<sourcePk>CC949A50-48C9-8882-E1DD-F3E7CA993F8D</sourcePk>
<identifying>false</identifying>
<optionalSource>true</optionalSource>
<optionalTarget>false</optionalTarget>
<sourceCardinality>1</sourceCardinality>
<sourceEntity>69A089E7-A1E9-2B45-4543-B1F7752D9A07</sourceEntity>
<targetCardinalityString>*</targetCardinalityString>
<targetEntity>D3354022-BEDB-B1D4-6407-7FA40232B1B0</targetEntity>
<transferable>true</transferable>
<deleteRule>NO ACTION</deleteRule>
</Relation>