<?xml version = '1.0' encoding = 'UTF-8'?>
<Relation class="oracle.dbtools.crest.model.design.logical.Relation" name="detalle ventas producto fk" directorySegmentName="seg_0" id="398E56FD-5EB4-692D-0638-DB0434D96696">
<createdBy>usuario</createdBy>
<createdTime>2024-11-04 18:12:41 UTC</createdTime>
<generatorID>1B2979A5-E321-3409-2184-32EED189E40C</generatorID>
<ownerDesignName>tienda_ropa_2</ownerDesignName>
<engineerTo>
<item key="62005CB7-DEAA-916A-6660-E72EF7EC8042" value="true"/>
</engineerTo>
<sourcePk>F690D1B7-B67F-B5BE-6A20-6D24A6248EF2</sourcePk>
<identifying>false</identifying>
<optionalSource>true</optionalSource>
<optionalTarget>false</optionalTarget>
<sourceCardinality>1</sourceCardinality>
<sourceEntity>1D433A33-49D1-6AB5-4515-5B0532813EBF</sourceEntity>
<targetCardinalityString>*</targetCardinalityString>
<targetEntity>D3596FCC-7E3D-D356-620F-03A1213DC354</targetEntity>
<transferable>true</transferable>
<deleteRule>NO ACTION</deleteRule>
</Relation>