<?xml version = '1.0' encoding = 'UTF-8'?>
<Relation class="oracle.dbtools.crest.model.design.logical.Relation" name="carrito producto fk" directorySegmentName="seg_0" id="5B55A6D8-10A5-70AC-F323-07F6F9D91070">
<createdBy>usuario</createdBy>
<createdTime>2024-11-04 18:06:59 UTC</createdTime>
<generatorID>9F7884B3-ABA0-AE28-CA0D-2DD2A361C49D</generatorID>
<ownerDesignName>tienda_ropa_2</ownerDesignName>
<engineerTo>
<item key="62005CB7-DEAA-916A-6660-E72EF7EC8042" value="true"/>
</engineerTo>
<sourcePk>F690D1B7-B67F-B5BE-6A20-6D24A6248EF2</sourcePk>
<identifying>false</identifying>
<optionalSource>true</optionalSource>
<optionalTarget>false</optionalTarget>
<sourceCardinality>1</sourceCardinality>
<sourceEntity>1D433A33-49D1-6AB5-4515-5B0532813EBF</sourceEntity>
<targetCardinalityString>*</targetCardinalityString>
<targetEntity>E967440D-740B-4705-5A33-F1C3C0A2D6AF</targetEntity>
<transferable>true</transferable>
<deleteRule>NO ACTION</deleteRule>
</Relation>