<?xml version = '1.0' encoding = 'UTF-8'?>
<Relation class="oracle.dbtools.crest.model.design.logical.Relation" name="pagos venta fk" directorySegmentName="seg_0" id="A49A63EC-26C9-9A21-339E-FCABCF17C182">
<createdBy>usuario</createdBy>
<createdTime>2024-11-04 18:12:41 UTC</createdTime>
<generatorID>52654869-C657-34C2-0AC3-50F61174B710</generatorID>
<ownerDesignName>tienda_ropa_2</ownerDesignName>
<engineerTo>
<item key="62005CB7-DEAA-916A-6660-E72EF7EC8042" value="true"/>
</engineerTo>
<sourcePk>DAA54E7D-EB22-C227-B3ED-EC24DE4EE88D</sourcePk>
<identifying>false</identifying>
<optionalSource>true</optionalSource>
<optionalTarget>false</optionalTarget>
<sourceCardinality>1</sourceCardinality>
<sourceEntity>D3354022-BEDB-B1D4-6407-7FA40232B1B0</sourceEntity>
<targetCardinalityString>*</targetCardinalityString>
<targetEntity>40A2AA65-3BA4-A1F8-69C5-036AEED0FDE9</targetEntity>
<transferable>true</transferable>
<deleteRule>NO ACTION</deleteRule>
</Relation>