<?xml version = '1.0' encoding = 'UTF-8'?>
<Table class="oracle.dbtools.crest.model.design.relational.Table" directorySegmentName="seg_0" id="2561DBCF-B9DF-BF17-E622-BA67C5FE68F6" name="ventas">
<sourceDDLFile>modelo.sql</sourceDDLFile>
<createdBy>usuario</createdBy>
<createdTime>2024-11-04 18:12:19 UTC</createdTime>
<ownerDesignName>tienda_ropa_2</ownerDesignName>
<importedID>8410562D-C401-3C49-B342-651B7227E302</importedID>
<allowColumnReorder>false</allowColumnReorder>
<existDependencyGenerateInDDl>true</existDependencyGenerateInDDl>
<parsed>true</parsed>
<columns itemClass="oracle.dbtools.crest.model.design.relational.Column">
<Column name="venta_id" id="45AD65C9-B245-4A3A-3584-CF85C8108D09">
<sourceDDLFile>modelo.sql</sourceDDLFile>
<createdBy>usuario</createdBy>
<createdTime>2024-11-04 18:12:19 UTC</createdTime>
<ownerDesignName>tienda_ropa_2</ownerDesignName>
<importedID>29E3BB72-B8EB-172E-9669-973E861B3319</importedID>
<use>0</use>
<logicalDatatype>LOGDT019</logicalDatatype>
<domain>15A3F772-9A8B-F776-B9D3-509844FC3752</domain>
<ownDataTypeParameters>,,</ownDataTypeParameters>
<autoIncrementCycle>false</autoIncrementCycle>
</Column>
<Column name="usuarios_usuario_id" id="C1992F01-6745-AD15-3538-F97DBF5300C1">
<sourceDDLFile>modelo.sql</sourceDDLFile>
<createdBy>usuario</createdBy>
<createdTime>2024-11-04 18:12:19 UTC</createdTime>
<ownerDesignName>tienda_ropa_2</ownerDesignName>
<importedID>F03A61FE-BB66-0FAA-EF83-3B9E99FC03DD</importedID>
<use>0</use>
<logicalDatatype>LOGDT019</logicalDatatype>
<domain>15A3F772-9A8B-F776-B9D3-509844FC3752</domain>
<ownDataTypeParameters>,,</ownDataTypeParameters>
<autoIncrementCycle>false</autoIncrementCycle>
<associations>
<colAssociation fkAssociation="D9D5F681-37CF-A22C-5194-A7618C6E7EC9" referredColumn="C8572251-E867-E9B7-5ACC-E3E7A7150EA9"/>
</associations>
</Column>
<Column name="fecha_venta" id="598B6260-39DC-B307-1C8A-DCEE8060731F">
<sourceDDLFile>modelo.sql</sourceDDLFile>
<createdBy>usuario</createdBy>
<createdTime>2024-11-04 18:12:19 UTC</createdTime>
<ownerDesignName>tienda_ropa_2</ownerDesignName>
<importedID>DF2B77D4-E06D-DA5D-5619-02FF1C5ED6B4</importedID>
<use>0</use>
<logicalDatatype>LOGDT007</logicalDatatype>
<domain>6BDD9C0A-EDEC-FB24-67B0-3F757171E919</domain>
<ownDataTypeParameters>,,</ownDataTypeParameters>
<autoIncrementCycle>false</autoIncrementCycle>
</Column>
<Column name="total" id="9E220607-B06F-DA0D-DA63-2D19721B79EF">
<sourceDDLFile>modelo.sql</sourceDDLFile>
<createdBy>usuario</createdBy>
<createdTime>2024-11-04 18:12:19 UTC</createdTime>
<ownerDesignName>tienda_ropa_2</ownerDesignName>
<importedID>C4C62DA2-615D-962A-2FBC-EB067009A2BD</importedID>
<use>0</use>
<logicalDatatype>LOGDT026</logicalDatatype>
<domain>95A1C369-2797-1CB2-AF21-F1FEEBC51C87</domain>
<ownDataTypeParameters>,,</ownDataTypeParameters>
<autoIncrementCycle>false</autoIncrementCycle>
</Column>
<Column name="KEY" id="6147216F-3036-15CA-0E01-738C62885440">
<sourceDDLFile>modelo.sql</sourceDDLFile>
<createdBy>usuario</createdBy>
<createdTime>2024-11-04 18:12:19 UTC</createdTime>
<ownerDesignName>tienda_ropa_2</ownerDesignName>
<importedID>44D3EFA4-0A59-AF7B-6B30-0AAA39700A7D</importedID>
<nullsAllowed>true</nullsAllowed>
<use>0</use>
<ownDataTypeParameters>,,</ownDataTypeParameters>
<autoIncrementCycle>false</autoIncrementCycle>
</Column>
</columns>
<indexes itemClass="oracle.dbtools.crest.model.design.relational.Index">
<ind_PK_UK id="BACDE29C-E501-6318-925E-D3E834BFF419" name="ventas_PK">
<sourceDDLFile>modelo.sql</sourceDDLFile>
<createdBy>usuario</createdBy>
<createdTime>2024-11-04 18:12:19 UTC</createdTime>
<ownerDesignName>tienda_ropa_2</ownerDesignName>
<importedID>E6DA3FA4-4249-8F4A-212B-0107F63267E5</importedID>
<pk>true</pk>
<indexState>Primary Constraint</indexState>
<isSurrogateKey>false</isSurrogateKey>
<indexColumnUsage>
<colUsage columnID="45AD65C9-B245-4A3A-3584-CF85C8108D09"/>
</indexColumnUsage>
</ind_PK_UK>
<ind_PK_UK id="2F66BE88-BB8C-B0C9-072B-CB56A3A8D7AE" name="ventas_usuarios_FK">
<createdBy>usuario</createdBy>
<createdTime>2024-11-04 18:12:19 UTC</createdTime>
<ownerDesignName>tienda_ropa_2</ownerDesignName>
<indexState>Foreign Key</indexState>
<isSurrogateKey>false</isSurrogateKey>
<indexColumnUsage>
<colUsage columnID="C1992F01-6745-AD15-3538-F97DBF5300C1"/>
</indexColumnUsage>
</ind_PK_UK>
</indexes>
</Table>