<?xml version = '1.0' encoding = 'UTF-8'?>
<Table class="oracle.dbtools.crest.model.design.relational.Table" directorySegmentName="seg_0" id="51CA6561-1010-EA3B-6819-65D45879401B" name="pagos">
<sourceDDLFile>modelo.sql</sourceDDLFile>
<createdBy>usuario</createdBy>
<createdTime>2024-11-04 18:12:19 UTC</createdTime>
<ownerDesignName>tienda_ropa_2</ownerDesignName>
<importedID>8C77BB20-F405-56D2-F9A4-5043FE1DB654</importedID>
<allowColumnReorder>false</allowColumnReorder>
<existDependencyGenerateInDDl>true</existDependencyGenerateInDDl>
<parsed>true</parsed>
<columns itemClass="oracle.dbtools.crest.model.design.relational.Column">
<Column name="pago_id" id="3A5093E3-2747-7FA1-8613-BAAD147C7202">
<sourceDDLFile>modelo.sql</sourceDDLFile>
<createdBy>usuario</createdBy>
<createdTime>2024-11-04 18:12:19 UTC</createdTime>
<ownerDesignName>tienda_ropa_2</ownerDesignName>
<importedID>06B2D0CE-D1B9-927D-6618-E2874DB48119</importedID>
<use>0</use>
<logicalDatatype>LOGDT019</logicalDatatype>
<domain>15A3F772-9A8B-F776-B9D3-509844FC3752</domain>
<ownDataTypeParameters>,,</ownDataTypeParameters>
<autoIncrementCycle>false</autoIncrementCycle>
</Column>
<Column name="ventas_venta_id" id="5E60F6D7-A86F-D41E-3630-2932B0B677CC">
<sourceDDLFile>modelo.sql</sourceDDLFile>
<createdBy>usuario</createdBy>
<createdTime>2024-11-04 18:12:19 UTC</createdTime>
<ownerDesignName>tienda_ropa_2</ownerDesignName>
<importedID>24E64E27-58B9-79DA-9C07-4BC46948EE06</importedID>
<use>0</use>
<logicalDatatype>LOGDT019</logicalDatatype>
<domain>15A3F772-9A8B-F776-B9D3-509844FC3752</domain>
<ownDataTypeParameters>,,</ownDataTypeParameters>
<autoIncrementCycle>false</autoIncrementCycle>
<associations>
<colAssociation fkAssociation="52654869-C657-34C2-0AC3-50F61174B710" referredColumn="45AD65C9-B245-4A3A-3584-CF85C8108D09"/>
</associations>
</Column>
<Column name="metodo_pago" id="1AF771C0-B3B7-CFFA-56C3-17CE7429483C">
<sourceDDLFile>modelo.sql</sourceDDLFile>
<createdBy>usuario</createdBy>
<createdTime>2024-11-04 18:12:19 UTC</createdTime>
<ownerDesignName>tienda_ropa_2</ownerDesignName>
<importedID>7D9D5504-916B-7D4A-9E85-4AD0A69A8AE9</importedID>
<useDomainConstraints>false</useDomainConstraints>
<use>0</use>
<logicalDatatype>LOGDT024</logicalDatatype>
<domain>40224568-888C-8B3A-C226-9CC9534645CB</domain>
<listOfValues>
<valueDef value="tarjeta" description=""/>
<valueDef value="transbank" description=""/>
</listOfValues>
<ownDataTypeParameters>,,</ownDataTypeParameters>
<autoIncrementCycle>false</autoIncrementCycle>
</Column>
<Column name="monto" id="3945AB64-8EE0-2665-179F-58EA7F8A4878">
<sourceDDLFile>modelo.sql</sourceDDLFile>
<createdBy>usuario</createdBy>
<createdTime>2024-11-04 18:12:19 UTC</createdTime>
<ownerDesignName>tienda_ropa_2</ownerDesignName>
<importedID>A0504B69-1510-64BB-7BF5-58B36E88E140</importedID>
<use>0</use>
<logicalDatatype>LOGDT026</logicalDatatype>
<domain>95A1C369-2797-1CB2-AF21-F1FEEBC51C87</domain>
<ownDataTypeParameters>,,</ownDataTypeParameters>
<autoIncrementCycle>false</autoIncrementCycle>
</Column>
<Column name="fecha_pago" id="33E9417B-F695-256F-B353-709487062086">
<sourceDDLFile>modelo.sql</sourceDDLFile>
<createdBy>usuario</createdBy>
<createdTime>2024-11-04 18:12:19 UTC</createdTime>
<ownerDesignName>tienda_ropa_2</ownerDesignName>
<importedID>3009C419-E214-F25F-642A-97A98480926E</importedID>
<use>0</use>
<logicalDatatype>LOGDT007</logicalDatatype>
<domain>6BDD9C0A-EDEC-FB24-67B0-3F757171E919</domain>
<ownDataTypeParameters>,,</ownDataTypeParameters>
<autoIncrementCycle>false</autoIncrementCycle>
</Column>
<Column name="KEY" id="C4C58E87-F6C6-BCCD-0021-4DD9D06CA5F1">
<sourceDDLFile>modelo.sql</sourceDDLFile>
<createdBy>usuario</createdBy>
<createdTime>2024-11-04 18:12:19 UTC</createdTime>
<ownerDesignName>tienda_ropa_2</ownerDesignName>
<importedID>EEF5FB24-3F8A-F479-5DCD-106AD34F65CE</importedID>
<nullsAllowed>true</nullsAllowed>
<use>0</use>
<ownDataTypeParameters>,,</ownDataTypeParameters>
<autoIncrementCycle>false</autoIncrementCycle>
</Column>
</columns>
<indexes itemClass="oracle.dbtools.crest.model.design.relational.Index">
<ind_PK_UK id="D5F91D87-75FC-AA64-F4E6-83C6687BA56C" name="pagos_PK">
<sourceDDLFile>modelo.sql</sourceDDLFile>
<createdBy>usuario</createdBy>
<createdTime>2024-11-04 18:12:19 UTC</createdTime>
<ownerDesignName>tienda_ropa_2</ownerDesignName>
<importedID>2A169CC6-C516-9CCE-43E7-980A1BDEBE96</importedID>
<pk>true</pk>
<indexState>Primary Constraint</indexState>
<isSurrogateKey>false</isSurrogateKey>
<indexColumnUsage>
<colUsage columnID="3A5093E3-2747-7FA1-8613-BAAD147C7202"/>
</indexColumnUsage>
</ind_PK_UK>
<ind_PK_UK id="53521533-0AEE-F96B-A014-97642C1F5B25" name="pagos_ventas_FK">
<createdBy>usuario</createdBy>
<createdTime>2024-11-04 18:12:19 UTC</createdTime>
<ownerDesignName>tienda_ropa_2</ownerDesignName>
<indexState>Foreign Key</indexState>
<isSurrogateKey>false</isSurrogateKey>
<indexColumnUsage>
<colUsage columnID="5E60F6D7-A86F-D41E-3630-2932B0B677CC"/>
</indexColumnUsage>
</ind_PK_UK>
</indexes>
</Table>