<?xml version = '1.0' encoding = 'UTF-8'?>
<Table class="oracle.dbtools.crest.model.design.relational.Table" directorySegmentName="seg_0" id="82679905-7DDB-4DCB-2B42-8A01A737E8ED" name="usuarios">
<sourceDDLFile>modelo.sql</sourceDDLFile>
<createdBy>usuario</createdBy>
<createdTime>2024-11-04 18:06:15 UTC</createdTime>
<ownerDesignName>tienda_ropa_2</ownerDesignName>
<importedID>09C0A2E2-798D-C94F-BAC8-9E313B69A037</importedID>
<allowColumnReorder>false</allowColumnReorder>
<existDependencyGenerateInDDl>true</existDependencyGenerateInDDl>
<parsed>true</parsed>
<columns itemClass="oracle.dbtools.crest.model.design.relational.Column">
<Column name="usuario_id" id="C8572251-E867-E9B7-5ACC-E3E7A7150EA9">
<sourceDDLFile>modelo.sql</sourceDDLFile>
<createdBy>usuario</createdBy>
<createdTime>2024-11-04 18:06:15 UTC</createdTime>
<ownerDesignName>tienda_ropa_2</ownerDesignName>
<importedID>EBC4ABC8-3A96-29BF-DFD3-F8C998FD0587</importedID>
<use>0</use>
<logicalDatatype>LOGDT019</logicalDatatype>
<domain>15A3F772-9A8B-F776-B9D3-509844FC3752</domain>
<ownDataTypeParameters>,,</ownDataTypeParameters>
<autoIncrementCycle>false</autoIncrementCycle>
</Column>
<Column name="nombre" id="516116A3-77D9-0D22-152A-A50354E45947">
<sourceDDLFile>modelo.sql</sourceDDLFile>
<createdBy>usuario</createdBy>
<createdTime>2024-11-04 18:06:15 UTC</createdTime>
<ownerDesignName>tienda_ropa_2</ownerDesignName>
<importedID>F86A38AC-A113-6E53-4A83-7B758428E645</importedID>
<use>0</use>
<logicalDatatype>LOGDT024</logicalDatatype>
<domain>69934745-C79B-28B9-FBD5-053FF5B85B51</domain>
<ownDataTypeParameters>,,</ownDataTypeParameters>
<autoIncrementCycle>false</autoIncrementCycle>
</Column>
<Column name="contrasena" id="20A59A37-85F8-91E1-CF80-A8A671B81A68">
<sourceDDLFile>modelo.sql</sourceDDLFile>
<createdBy>usuario</createdBy>
<createdTime>2024-11-04 18:06:15 UTC</createdTime>
<ownerDesignName>tienda_ropa_2</ownerDesignName>
<importedID>16C46913-185D-9CC3-036E-D0D5E04FAD6E</importedID>
<use>0</use>
<logicalDatatype>LOGDT024</logicalDatatype>
<domain>E8FAA310-1CCA-047B-6467-175E544B18CA</domain>
<ownDataTypeParameters>,,</ownDataTypeParameters>
<autoIncrementCycle>false</autoIncrementCycle>
</Column>
<Column name="fecha_registro" id="227C95B3-FD90-0893-44C9-FBA9D6865A79">
<sourceDDLFile>modelo.sql</sourceDDLFile>
<createdBy>usuario</createdBy>
<createdTime>2024-11-04 18:06:15 UTC</createdTime>
<ownerDesignName>tienda_ropa_2</ownerDesignName>
<importedID>D6D1F8AA-DEA9-6EAC-8EBD-13E79835601D</importedID>
<use>0</use>
<logicalDatatype>LOGDT007</logicalDatatype>
<domain>6BDD9C0A-EDEC-FB24-67B0-3F757171E919</domain>
<ownDataTypeParameters>,,</ownDataTypeParameters>
<autoIncrementCycle>false</autoIncrementCycle>
</Column>
<Column name="tipo_usuario" id="94DEA1DB-2FD6-E593-A52A-0AE4BFB138D9">
<sourceDDLFile>modelo.sql</sourceDDLFile>
<createdBy>usuario</createdBy>
<createdTime>2024-11-04 18:06:15 UTC</createdTime>
<ownerDesignName>tienda_ropa_2</ownerDesignName>
<importedID>C984E806-3104-CA80-F150-AF087671D4CE</importedID>
<nullsAllowed>true</nullsAllowed>
<useDomainConstraints>false</useDomainConstraints>
<use>0</use>
<logicalDatatype>LOGDT024</logicalDatatype>
<domain>40224568-888C-8B3A-C226-9CC9534645CB</domain>
<listOfValues>
<valueDef value="administrador" description=""/>
<valueDef value="cliente" description=""/>
</listOfValues>
<ownDataTypeParameters>,,</ownDataTypeParameters>
<autoIncrementCycle>false</autoIncrementCycle>
</Column>
</columns>
<indexes itemClass="oracle.dbtools.crest.model.design.relational.Index">
<ind_PK_UK id="CE8D10A9-28E9-477B-8D29-ECA4DAD595C3" name="usuarios_PK">
<sourceDDLFile>modelo.sql</sourceDDLFile>
<createdBy>usuario</createdBy>
<createdTime>2024-11-04 18:06:15 UTC</createdTime>
<ownerDesignName>tienda_ropa_2</ownerDesignName>
<importedID>E2E0FF20-80B5-B22C-ED45-AA921ABB9E9E</importedID>
<pk>true</pk>
<indexState>Primary Constraint</indexState>
<isSurrogateKey>false</isSurrogateKey>
<indexColumnUsage>
<colUsage columnID="C8572251-E867-E9B7-5ACC-E3E7A7150EA9"/>
</indexColumnUsage>
</ind_PK_UK>
</indexes>
</Table>