<?xml version = '1.0' encoding = 'UTF-8'?>
<Table class="oracle.dbtools.crest.model.design.relational.Table" directorySegmentName="seg_0" id="FBD6FABB-C426-2F90-1140-9FBC1BDCF6EC" name="detalle_ventas">
<sourceDDLFile>modelo.sql</sourceDDLFile>
<createdBy>usuario</createdBy>
<createdTime>2024-11-04 18:12:19 UTC</createdTime>
<ownerDesignName>tienda_ropa_2</ownerDesignName>
<importedID>2D941089-6C9E-6366-5F57-BF4DDC0D1CBB</importedID>
<allowColumnReorder>false</allowColumnReorder>
<existDependencyGenerateInDDl>true</existDependencyGenerateInDDl>
<parsed>true</parsed>
<columns itemClass="oracle.dbtools.crest.model.design.relational.Column">
<Column name="detalle_id" id="D39308BD-34A9-46E5-B607-9C6E03868E09">
<sourceDDLFile>modelo.sql</sourceDDLFile>
<createdBy>usuario</createdBy>
<createdTime>2024-11-04 18:12:19 UTC</createdTime>
<ownerDesignName>tienda_ropa_2</ownerDesignName>
<importedID>B70B9D46-4978-10BD-4022-2D7D6B71DEB7</importedID>
<use>0</use>
<logicalDatatype>LOGDT019</logicalDatatype>
<domain>15A3F772-9A8B-F776-B9D3-509844FC3752</domain>
<ownDataTypeParameters>,,</ownDataTypeParameters>
<autoIncrementCycle>false</autoIncrementCycle>
</Column>
<Column name="ventas_venta_id" id="E535A85A-D372-6299-2F08-56B00D798754">
<sourceDDLFile>modelo.sql</sourceDDLFile>
<createdBy>usuario</createdBy>
<createdTime>2024-11-04 18:12:19 UTC</createdTime>
<ownerDesignName>tienda_ropa_2</ownerDesignName>
<importedID>87E7841A-CD03-415D-5D1F-3128398185C2</importedID>
<use>0</use>
<logicalDatatype>LOGDT019</logicalDatatype>
<domain>15A3F772-9A8B-F776-B9D3-509844FC3752</domain>
<ownDataTypeParameters>,,</ownDataTypeParameters>
<autoIncrementCycle>false</autoIncrementCycle>
<associations>
<colAssociation fkAssociation="3BBF387B-467E-E295-043A-02633F9E018D" referredColumn="45AD65C9-B245-4A3A-3584-CF85C8108D09"/>
</associations>
</Column>
<Column name="productos_producto_id" id="51C435F2-27BB-57C5-BEFB-FEF6F48E8A56">
<sourceDDLFile>modelo.sql</sourceDDLFile>
<createdBy>usuario</createdBy>
<createdTime>2024-11-04 18:12:19 UTC</createdTime>
<ownerDesignName>tienda_ropa_2</ownerDesignName>
<importedID>0DDFA284-225E-51FE-CCD9-A5A06B112E63</importedID>
<use>0</use>
<logicalDatatype>LOGDT019</logicalDatatype>
<domain>15A3F772-9A8B-F776-B9D3-509844FC3752</domain>
<ownDataTypeParameters>,,</ownDataTypeParameters>
<autoIncrementCycle>false</autoIncrementCycle>
<associations>
<colAssociation fkAssociation="1B2979A5-E321-3409-2184-32EED189E40C" referredColumn="B482AC39-AD76-6FA3-D821-0D88AF282700"/>
</associations>
</Column>
<Column name="cantidad" id="8CE28E2A-A0DC-44B6-CF90-97B9BEF8AA26">
<sourceDDLFile>modelo.sql</sourceDDLFile>
<createdBy>usuario</createdBy>
<createdTime>2024-11-04 18:12:19 UTC</createdTime>
<ownerDesignName>tienda_ropa_2</ownerDesignName>
<importedID>D8FCD88E-D47C-703D-8795-D077CC3B0C24</importedID>
<use>0</use>
<logicalDatatype>LOGDT019</logicalDatatype>
<domain>15A3F772-9A8B-F776-B9D3-509844FC3752</domain>
<ownDataTypeParameters>,,</ownDataTypeParameters>
<autoIncrementCycle>false</autoIncrementCycle>
</Column>
<Column name="precio" id="B16F4126-DCD5-6C68-4921-2B3FA4E20475">
<sourceDDLFile>modelo.sql</sourceDDLFile>
<createdBy>usuario</createdBy>
<createdTime>2024-11-04 18:12:19 UTC</createdTime>
<ownerDesignName>tienda_ropa_2</ownerDesignName>
<importedID>90A0F1CB-8654-1E7F-9968-8D413FC112D6</importedID>
<use>0</use>
<logicalDatatype>LOGDT026</logicalDatatype>
<domain>95A1C369-2797-1CB2-AF21-F1FEEBC51C87</domain>
<ownDataTypeParameters>,,</ownDataTypeParameters>
<autoIncrementCycle>false</autoIncrementCycle>
</Column>
<Column name="KEY" id="837E23E6-2047-72D9-700A-B80AC041DA3D">
<sourceDDLFile>modelo.sql</sourceDDLFile>
<createdBy>usuario</createdBy>
<createdTime>2024-11-04 18:12:19 UTC</createdTime>
<ownerDesignName>tienda_ropa_2</ownerDesignName>
<importedID>88C60A27-4BFD-D856-1F58-5822FF04EF5F</importedID>
<nullsAllowed>true</nullsAllowed>
<use>0</use>
<ownDataTypeParameters>,,</ownDataTypeParameters>
<autoIncrementCycle>false</autoIncrementCycle>
</Column>
<Column name="KEY1" id="7D3C1F35-3E0D-E7A7-CBBC-3A7FAB693768">
<sourceDDLFile>modelo.sql</sourceDDLFile>
<createdBy>usuario</createdBy>
<createdTime>2024-11-04 18:12:19 UTC</createdTime>
<ownerDesignName>tienda_ropa_2</ownerDesignName>
<importedID>C7BF68E7-9130-0899-EA09-5530C181D2E8</importedID>
<nullsAllowed>true</nullsAllowed>
<use>0</use>
<ownDataTypeParameters>,,</ownDataTypeParameters>
<autoIncrementCycle>false</autoIncrementCycle>
</Column>
</columns>
<indexes itemClass="oracle.dbtools.crest.model.design.relational.Index">
<ind_PK_UK id="95D849D3-F727-4BAC-40CF-F20326BA34CF" name="detalle_ventas_PK">
<sourceDDLFile>modelo.sql</sourceDDLFile>
<createdBy>usuario</createdBy>
<createdTime>2024-11-04 18:12:19 UTC</createdTime>
<ownerDesignName>tienda_ropa_2</ownerDesignName>
<importedID>D5D0070E-2DD5-62DD-C082-1E52CA15C4D2</importedID>
<pk>true</pk>
<indexState>Primary Constraint</indexState>
<isSurrogateKey>false</isSurrogateKey>
<indexColumnUsage>
<colUsage columnID="D39308BD-34A9-46E5-B607-9C6E03868E09"/>
</indexColumnUsage>
</ind_PK_UK>
<ind_PK_UK id="91B6E6A1-26EB-D9B6-0858-8D0609116E18" name="detalle_ventas_ventas_FK">
<createdBy>usuario</createdBy>
<createdTime>2024-11-04 18:12:19 UTC</createdTime>
<ownerDesignName>tienda_ropa_2</ownerDesignName>
<indexState>Foreign Key</indexState>
<isSurrogateKey>false</isSurrogateKey>
<indexColumnUsage>
<colUsage columnID="E535A85A-D372-6299-2F08-56B00D798754"/>
</indexColumnUsage>
</ind_PK_UK>
<ind_PK_UK id="D3DF6A22-79A2-ACBB-632E-616E29B616AD" name="detalle_ventas_productos_FK">
<createdBy>usuario</createdBy>
<createdTime>2024-11-04 18:12:19 UTC</createdTime>
<ownerDesignName>tienda_ropa_2</ownerDesignName>
<indexState>Foreign Key</indexState>
<isSurrogateKey>false</isSurrogateKey>
<indexColumnUsage>
<colUsage columnID="51C435F2-27BB-57C5-BEFB-FEF6F48E8A56"/>
</indexColumnUsage>
</ind_PK_UK>
</indexes>
</Table>