<?xml version = '1.0' encoding = 'UTF-8'?>
<Table class="oracle.dbtools.crest.model.design.relational.Table" directorySegmentName="seg_0" id="FF117F08-6078-6E99-D63B-AF3304D2A832" name="carrito">
<sourceDDLFile>modelo.sql</sourceDDLFile>
<createdBy>usuario</createdBy>
<createdTime>2024-11-04 18:06:15 UTC</createdTime>
<ownerDesignName>tienda_ropa_2</ownerDesignName>
<importedID>FDF75C10-86D7-41C9-FACF-B29F7F9FC7C3</importedID>
<allowColumnReorder>false</allowColumnReorder>
<existDependencyGenerateInDDl>true</existDependencyGenerateInDDl>
<parsed>true</parsed>
<columns itemClass="oracle.dbtools.crest.model.design.relational.Column">
<Column name="carrito_id" id="C41D3006-5715-E9A8-E291-3F250B27363E">
<sourceDDLFile>modelo.sql</sourceDDLFile>
<createdBy>usuario</createdBy>
<createdTime>2024-11-04 18:06:15 UTC</createdTime>
<ownerDesignName>tienda_ropa_2</ownerDesignName>
<importedID>08ADFAC8-BA31-DAA8-D87F-0F1D50AC1F8D</importedID>
<use>0</use>
<logicalDatatype>LOGDT019</logicalDatatype>
<domain>15A3F772-9A8B-F776-B9D3-509844FC3752</domain>
<ownDataTypeParameters>,,</ownDataTypeParameters>
<autoIncrementCycle>false</autoIncrementCycle>
</Column>
<Column name="productos_producto_id" id="55F2928B-F6D0-6094-7D3E-2F6008F12C72">
<sourceDDLFile>modelo.sql</sourceDDLFile>
<createdBy>usuario</createdBy>
<createdTime>2024-11-04 18:06:15 UTC</createdTime>
<ownerDesignName>tienda_ropa_2</ownerDesignName>
<importedID>3EBEAF45-4606-9B47-F664-4C1405F119FE</importedID>
<use>0</use>
<logicalDatatype>LOGDT019</logicalDatatype>
<domain>15A3F772-9A8B-F776-B9D3-509844FC3752</domain>
<ownDataTypeParameters>,,</ownDataTypeParameters>
<autoIncrementCycle>false</autoIncrementCycle>
<associations>
<colAssociation fkAssociation="9F7884B3-ABA0-AE28-CA0D-2DD2A361C49D" referredColumn="B482AC39-AD76-6FA3-D821-0D88AF282700"/>
</associations>
</Column>
<Column name="nombre" id="F8DFC747-6420-473D-903A-2981AFAB0C8C">
<sourceDDLFile>modelo.sql</sourceDDLFile>
<createdBy>usuario</createdBy>
<createdTime>2024-11-04 18:06:15 UTC</createdTime>
<ownerDesignName>tienda_ropa_2</ownerDesignName>
<importedID>266C95F3-66F8-D2BA-2527-CD2B4A5AB3CF</importedID>
<nullsAllowed>true</nullsAllowed>
<use>0</use>
<logicalDatatype>LOGDT024</logicalDatatype>
<domain>E8FAA310-1CCA-047B-6467-175E544B18CA</domain>
<ownDataTypeParameters>,,</ownDataTypeParameters>
<autoIncrementCycle>false</autoIncrementCycle>
</Column>
<Column name="precio" id="E1C112C8-6589-30C7-E88A-7FDEAC1BB9D9">
<sourceDDLFile>modelo.sql</sourceDDLFile>
<createdBy>usuario</createdBy>
<createdTime>2024-11-04 18:06:15 UTC</createdTime>
<ownerDesignName>tienda_ropa_2</ownerDesignName>
<importedID>DF3414DA-6797-1C59-F08B-E959E1FD9C5F</importedID>
<nullsAllowed>true</nullsAllowed>
<use>0</use>
<logicalDatatype>LOGDT026</logicalDatatype>
<domain>95A1C369-2797-1CB2-AF21-F1FEEBC51C87</domain>
<ownDataTypeParameters>,,</ownDataTypeParameters>
<autoIncrementCycle>false</autoIncrementCycle>
</Column>
<Column name="cantidad" id="D9D70CCB-D869-6C2D-4D91-387F80A1B959">
<sourceDDLFile>modelo.sql</sourceDDLFile>
<createdBy>usuario</createdBy>
<createdTime>2024-11-04 18:06:15 UTC</createdTime>
<ownerDesignName>tienda_ropa_2</ownerDesignName>
<importedID>121F3586-7089-34D2-372F-DC5499CB5600</importedID>
<nullsAllowed>true</nullsAllowed>
<use>0</use>
<logicalDatatype>LOGDT019</logicalDatatype>
<domain>15A3F772-9A8B-F776-B9D3-509844FC3752</domain>
<defaultValue>1</defaultValue>
<ownDataTypeParameters>,,</ownDataTypeParameters>
<autoIncrementCycle>false</autoIncrementCycle>
</Column>
<Column name="KEY" id="06B296AD-F815-2D3E-2CE4-A1A39F09A09C">
<sourceDDLFile>modelo.sql</sourceDDLFile>
<createdBy>usuario</createdBy>
<createdTime>2024-11-04 18:06:15 UTC</createdTime>
<ownerDesignName>tienda_ropa_2</ownerDesignName>
<importedID>1888EDA8-EF3F-94B2-BE9F-A4F0C8A18058</importedID>
<nullsAllowed>true</nullsAllowed>
<use>0</use>
<ownDataTypeParameters>,,</ownDataTypeParameters>
<autoIncrementCycle>false</autoIncrementCycle>
</Column>
</columns>
<indexes itemClass="oracle.dbtools.crest.model.design.relational.Index">
<ind_PK_UK id="7017CECD-D2A9-AD7F-C3DD-8EBF82621FCE" name="carrito_PK">
<sourceDDLFile>modelo.sql</sourceDDLFile>
<createdBy>usuario</createdBy>
<createdTime>2024-11-04 18:06:15 UTC</createdTime>
<ownerDesignName>tienda_ropa_2</ownerDesignName>
<importedID>1910C240-E875-9B28-4EF5-08A16B88B0EE</importedID>
<pk>true</pk>
<indexState>Primary Constraint</indexState>
<isSurrogateKey>false</isSurrogateKey>
<indexColumnUsage>
<colUsage columnID="C41D3006-5715-E9A8-E291-3F250B27363E"/>
</indexColumnUsage>
</ind_PK_UK>
<ind_PK_UK id="D2D9FB5D-ECC9-83BF-AE97-F4D2C20991E1" name="carrito_productos_FK">
<createdBy>usuario</createdBy>
<createdTime>2024-11-04 18:06:15 UTC</createdTime>
<ownerDesignName>tienda_ropa_2</ownerDesignName>
<indexState>Foreign Key</indexState>
<isSurrogateKey>false</isSurrogateKey>
<indexColumnUsage>
<colUsage columnID="55F2928B-F6D0-6094-7D3E-2F6008F12C72"/>
</indexColumnUsage>
</ind_PK_UK>
</indexes>
</Table>