<?xml version = '1.0' encoding = 'UTF-8'?>
<Diagram class="oracle.dbtools.crest.swingui.relational.DPVRelational" name="Relational_1" id="FED413DA-E4BD-9180-9E12-80F2F862515A">
<createdBy>usuario</createdBy>
<modifiedBy>usuario</modifiedBy>
<createdTime>2024-11-04 18:06:15 UTC</createdTime>
<autoRoute>false</autoRoute>
<boxInbox>true</boxInbox>
<showLegend>false</showLegend>
<showLabels>false</showLabels>
<showRelAttributes>false</showRelAttributes>
<gridEnabled>false</gridEnabled>
<showGrid>false</showGrid>
<diagramColor>-1</diagramColor>
<display>false</display>
<notation>1</notation>
<objectViews>
<OView class="oracle.dbtools.crest.swingui.relational.TVTable" oid="2561DBCF-B9DF-BF17-E622-BA67C5FE68F6" otype="Table" vid="2033E668-8A33-6D6B-BFB1-9AD89D5822A1">
<hideElementsInCurrentOnly>false</hideElementsInCurrentOnly>
<bounds x="612" y="172" width="192" height="136"/>
</OView>
<OView class="oracle.dbtools.crest.swingui.relational.TVTable" oid="51CA6561-1010-EA3B-6819-65D45879401B" otype="Table" vid="2E050819-2B3E-FC4D-56A4-32A607C0D8B4">
<hideElementsInCurrentOnly>false</hideElementsInCurrentOnly>
<bounds x="560" y="349" width="199" height="150"/>
</OView>
<OView class="oracle.dbtools.crest.swingui.relational.TVTable" oid="82679905-7DDB-4DCB-2B42-8A01A737E8ED" otype="Table" vid="9B42AD1F-B3F2-0900-8FB6-F3F8EF4D691E">
<hideElementsInCurrentOnly>false</hideElementsInCurrentOnly>
<bounds x="555" y="0" width="208" height="116"/>
</OView>
<OView class="oracle.dbtools.crest.swingui.relational.TVTable" oid="A680E222-C673-2CD5-53A5-174F39C55420" otype="Table" vid="AED7FDA4-4FA9-F164-67C3-7E5C93181BC8">
<hideElementsInCurrentOnly>false</hideElementsInCurrentOnly>
<bounds x="20" y="230" width="198" height="158"/>
</OView>
<OView class="oracle.dbtools.crest.swingui.relational.TVTable" oid="FBD6FABB-C426-2F90-1140-9FBC1BDCF6EC" otype="Table" vid="24555910-D736-D063-76A5-4E687F9B3D21">
<hideElementsInCurrentOnly>false</hideElementsInCurrentOnly>
<bounds x="278" y="172" width="204" height="178"/>
</OView>
<OView class="oracle.dbtools.crest.swingui.relational.TVTable" oid="FF117F08-6078-6E99-D63B-AF3304D2A832" otype="Table" vid="3A50F847-F616-E67A-6739-C03807DDAC7D">
<hideElementsInCurrentOnly>false</hideElementsInCurrentOnly>
<bounds x="6" y="23" width="198" height="150"/>
</OView>
</objectViews>
<connectors>
<Connector class="oracle.dbtools.crest.swingui.relational.TVFKRelation" oid="1B2979A5-E321-3409-2184-32EED189E40C" otype="FKIndexAssociation" vid_source="AED7FDA4-4FA9-F164-67C3-7E5C93181BC8" vid_target="24555910-D736-D063-76A5-4E687F9B3D21">
<hideElementsInCurrentOnly>false</hideElementsInCurrentOnly>
<backgroundColor>-16777216</backgroundColor>
<lineWidth>1</lineWidth>
<points>
<point x="218" y="290"/>
<point x="278" y="290"/>
</points>
</Connector>
<Connector class="oracle.dbtools.crest.swingui.relational.TVFKRelation" oid="3BBF387B-467E-E295-043A-02633F9E018D" otype="FKIndexAssociation" vid_source="2033E668-8A33-6D6B-BFB1-9AD89D5822A1" vid_target="24555910-D736-D063-76A5-4E687F9B3D21">
<hideElementsInCurrentOnly>false</hideElementsInCurrentOnly>
<backgroundColor>-16777216</backgroundColor>
<lineWidth>1</lineWidth>
<points>
<point x="612" y="240"/>
<point x="482" y="240"/>
</points>
</Connector>
<Connector class="oracle.dbtools.crest.swingui.relational.TVFKRelation" oid="52654869-C657-34C2-0AC3-50F61174B710" otype="FKIndexAssociation" vid_source="2033E668-8A33-6D6B-BFB1-9AD89D5822A1" vid_target="2E050819-2B3E-FC4D-56A4-32A607C0D8B4">
<hideElementsInCurrentOnly>false</hideElementsInCurrentOnly>
<backgroundColor>-16777216</backgroundColor>
<lineWidth>1</lineWidth>
<points>
<point x="685" y="308"/>
<point x="700" y="349"/>
</points>
</Connector>
<Connector class="oracle.dbtools.crest.swingui.relational.TVFKRelation" oid="9F7884B3-ABA0-AE28-CA0D-2DD2A361C49D" otype="FKIndexAssociation" vid_source="AED7FDA4-4FA9-F164-67C3-7E5C93181BC8" vid_target="3A50F847-F616-E67A-6739-C03807DDAC7D">
<hideElementsInCurrentOnly>false</hideElementsInCurrentOnly>
<backgroundColor>-16777216</backgroundColor>
<lineWidth>1</lineWidth>
<points>
<point x="97" y="230"/>
<point x="97" y="173"/>
</points>
</Connector>
<Connector class="oracle.dbtools.crest.swingui.relational.TVFKRelation" oid="D9D5F681-37CF-A22C-5194-A7618C6E7EC9" otype="FKIndexAssociation" vid_source="9B42AD1F-B3F2-0900-8FB6-F3F8EF4D691E" vid_target="2033E668-8A33-6D6B-BFB1-9AD89D5822A1">
<hideElementsInCurrentOnly>false</hideElementsInCurrentOnly>
<backgroundColor>-16777216</backgroundColor>
<lineWidth>1</lineWidth>
<points>
<point x="687" y="116"/>
<point x="687" y="172"/>
</points>
</Connector>
</connectors>
</Diagram>