<?xml version = '1.0' encoding = 'UTF-8'?>
<FKIndexAssociation class="oracle.dbtools.crest.model.design.relational.FKIndexAssociation" directorySegmentName="seg_0" id="1B2979A5-E321-3409-2184-32EED189E40C" containerWithKeyObject="FBD6FABB-C426-2F90-1140-9FBC1BDCF6EC" localFKIndex="D3DF6A22-79A2-ACBB-632E-616E29B616AD" name="detalle_ventas_productos_FK">
<sourceDDLFile>modelo.sql</sourceDDLFile>
<createdBy>usuario</createdBy>
<createdTime>2024-11-04 18:12:19 UTC</createdTime>
<ownerDesignName>tienda_ropa_2</ownerDesignName>
<importedID>BDC7C112-1199-6224-6A46-388C7FDFA69B</importedID>
<referredTableLongName>productos</referredTableLongName>
<deleteRule>NO ACTION</deleteRule>
<referredTableID>A680E222-C673-2CD5-53A5-174F39C55420</referredTableID>
<keyObject>7B25FEAC-DFEE-A472-E53D-58E1AE5EFB29</keyObject>
<referredKeyID>7B25FEAC-DFEE-A472-E53D-58E1AE5EFB29</referredKeyID>
<mandatory>true</mandatory>
<refColNames>producto_id</refColNames>
<transferable>true</transferable>
<rely>false</rely>
<columnDependencyConstraintGenerateInDDL>true</columnDependencyConstraintGenerateInDDL>
</FKIndexAssociation>