<?xml version = '1.0' encoding = 'UTF-8'?>
<FKIndexAssociation class="oracle.dbtools.crest.model.design.relational.FKIndexAssociation" directorySegmentName="seg_0" id="3BBF387B-467E-E295-043A-02633F9E018D" containerWithKeyObject="FBD6FABB-C426-2F90-1140-9FBC1BDCF6EC" localFKIndex="91B6E6A1-26EB-D9B6-0858-8D0609116E18" name="detalle_ventas_ventas_FK">
<sourceDDLFile>modelo.sql</sourceDDLFile>
<createdBy>usuario</createdBy>
<createdTime>2024-11-04 18:12:19 UTC</createdTime>
<ownerDesignName>tienda_ropa_2</ownerDesignName>
<importedID>36F4DDCD-A801-1B55-3DEA-163E269EE035</importedID>
<referredTableLongName>ventas</referredTableLongName>
<deleteRule>NO ACTION</deleteRule>
<referredTableID>2561DBCF-B9DF-BF17-E622-BA67C5FE68F6</referredTableID>
<keyObject>BACDE29C-E501-6318-925E-D3E834BFF419</keyObject>
<referredKeyID>BACDE29C-E501-6318-925E-D3E834BFF419</referredKeyID>
<mandatory>true</mandatory>
<refColNames>venta_id</refColNames>
<transferable>true</transferable>
<rely>false</rely>
<columnDependencyConstraintGenerateInDDL>true</columnDependencyConstraintGenerateInDDL>
</FKIndexAssociation>