<?xml version = '1.0' encoding = 'UTF-8'?>
<FKIndexAssociation class="oracle.dbtools.crest.model.design.relational.FKIndexAssociation" directorySegmentName="seg_0" id="52654869-C657-34C2-0AC3-50F61174B710" containerWithKeyObject="51CA6561-1010-EA3B-6819-65D45879401B" localFKIndex="53521533-0AEE-F96B-A014-97642C1F5B25" name="pagos_ventas_FK">
<sourceDDLFile>modelo.sql</sourceDDLFile>
<createdBy>usuario</createdBy>
<createdTime>2024-11-04 18:12:19 UTC</createdTime>
<ownerDesignName>tienda_ropa_2</ownerDesignName>
<importedID>960B8894-BA1C-4697-0D7B-91ABF4725383</importedID>
<referredTableLongName>ventas</referredTableLongName>
<deleteRule>NO ACTION</deleteRule>
<referredTableID>2561DBCF-B9DF-BF17-E622-BA67C5FE68F6</referredTableID>
<keyObject>BACDE29C-E501-6318-925E-D3E834BFF419</keyObject>
<referredKeyID>BACDE29C-E501-6318-925E-D3E834BFF419</referredKeyID>
<mandatory>true</mandatory>
<refColNames>venta_id</refColNames>
<transferable>true</transferable>
<rely>false</rely>
<columnDependencyConstraintGenerateInDDL>true</columnDependencyConstraintGenerateInDDL>
</FKIndexAssociation>