<?xml version = '1.0' encoding = 'UTF-8'?>
<FKIndexAssociation class="oracle.dbtools.crest.model.design.relational.FKIndexAssociation" directorySegmentName="seg_0" id="9F7884B3-ABA0-AE28-CA0D-2DD2A361C49D" containerWithKeyObject="FF117F08-6078-6E99-D63B-AF3304D2A832" localFKIndex="D2D9FB5D-ECC9-83BF-AE97-F4D2C20991E1" name="carrito_productos_FK">
<sourceDDLFile>modelo.sql</sourceDDLFile>
<createdBy>usuario</createdBy>
<createdTime>2024-11-04 18:06:15 UTC</createdTime>
<ownerDesignName>tienda_ropa_2</ownerDesignName>
<importedID>E49900E2-3744-30C4-5563-B98C494634E1</importedID>
<referredTableLongName>productos</referredTableLongName>
<deleteRule>NO ACTION</deleteRule>
<referredTableID>A680E222-C673-2CD5-53A5-174F39C55420</referredTableID>
<keyObject>7B25FEAC-DFEE-A472-E53D-58E1AE5EFB29</keyObject>
<referredKeyID>7B25FEAC-DFEE-A472-E53D-58E1AE5EFB29</referredKeyID>
<mandatory>true</mandatory>
<refColNames>producto_id</refColNames>
<transferable>true</transferable>
<rely>false</rely>
<columnDependencyConstraintGenerateInDDL>true</columnDependencyConstraintGenerateInDDL>
</FKIndexAssociation>