<?xml version = '1.0' encoding = 'UTF-8'?>
<FKIndexAssociation class="oracle.dbtools.crest.model.design.relational.FKIndexAssociation" directorySegmentName="seg_0" id="D9D5F681-37CF-A22C-5194-A7618C6E7EC9" containerWithKeyObject="2561DBCF-B9DF-BF17-E622-BA67C5FE68F6" localFKIndex="2F66BE88-BB8C-B0C9-072B-CB56A3A8D7AE" name="ventas_usuarios_FK">
<sourceDDLFile>modelo.sql</sourceDDLFile>
<createdBy>usuario</createdBy>
<createdTime>2024-11-04 18:12:19 UTC</createdTime>
<ownerDesignName>tienda_ropa_2</ownerDesignName>
<importedID>C700C7D8-1617-F425-47C7-FF1B076F76E8</importedID>
<referredTableLongName>usuarios</referredTableLongName>
<deleteRule>NO ACTION</deleteRule>
<referredTableID>82679905-7DDB-4DCB-2B42-8A01A737E8ED</referredTableID>
<keyObject>CE8D10A9-28E9-477B-8D29-ECA4DAD595C3</keyObject>
<referredKeyID>CE8D10A9-28E9-477B-8D29-ECA4DAD595C3</referredKeyID>
<mandatory>true</mandatory>
<refColNames>usuario_id</refColNames>
<transferable>true</transferable>
<rely>false</rely>
<columnDependencyConstraintGenerateInDDL>true</columnDependencyConstraintGenerateInDDL>
</FKIndexAssociation>