<?xml version = '1.0' encoding = 'UTF-8'?>
<relationalModel class="oracle.dbtools.crest.model.design.relational.RelationalDesign" name="Relational_1" id="62005CB7-DEAA-916A-6660-E72EF7EC8042" mainViewID="FED413DA-E4BD-9180-9E12-80F2F862515A">
<createdBy>usuario</createdBy>
<createdTime>2024-11-04 18:05:36 UTC</createdTime>
<ownerDesignName>tienda_ropa_2</ownerDesignName>
<shouldBeOpen>false</shouldBeOpen>
<selectedRDBMSSite>32076570-2523-435C-2E92-BF29817DFF70</selectedRDBMSSite>
<importDDLFileStamps>
<importDDLFileStamp class="oracle.dbtools.crest.imports.DDLFileStamp">
<fileName>modelo.sql</fileName>
<pathName>C:\Users\usuario\Desktop\respaldo</pathName>
<dbType>9</dbType>
</importDDLFileStamp>
</importDDLFileStamps>
</relationalModel>