<?xml version = '1.0' encoding = 'UTF-8'?>
<Entity class="oracle.dbtools.crest.model.design.logical.Entity" directorySegmentName="seg_0" id="1D433A33-49D1-6AB5-4515-5B0532813EBF" name="productos">
<createdBy>usuario</createdBy>
<createdTime>2024-11-04 18:06:59 UTC</createdTime>
<generatorID>A680E222-C673-2CD5-53A5-174F39C55420</generatorID>
<ownerDesignName>tienda_ropa_2</ownerDesignName>
<engineerTo>
<item key="62005CB7-DEAA-916A-6660-E72EF7EC8042" value="true"/>
</engineerTo>
<adequatelyNormalized>NO</adequatelyNormalized>
<expectedVolumes>0</expectedVolumes>
<fwdEngineeringStrategyName>Single Table</fwdEngineeringStrategyName>
<growthPercent>0</growthPercent>
<growthType>Year</growthType>
<maxVolumes>9999999</maxVolumes>
<minVolumes>0</minVolumes>
<normalForm>Third</normalForm>
<attributes itemClass="oracle.dbtools.crest.model.design.logical.Attribute">
<Attribute name="producto id" id="C4AE818E-1101-0274-DF12-51AF3928746B">
<createdBy>usuario</createdBy>
<createdTime>2024-11-04 18:06:59 UTC</createdTime>
<generatorID>B482AC39-AD76-6FA3-D821-0D88AF282700</generatorID>
<ownerDesignName>tienda_ropa_2</ownerDesignName>
<engineerTo>
<item key="62005CB7-DEAA-916A-6660-E72EF7EC8042" value="true"/>
</engineerTo>
<use>0</use>
<logicalDatatype>LOGDT019</logicalDatatype>
<domain>15A3F772-9A8B-F776-B9D3-509844FC3752</domain>
<ownDataTypeParameters>,,</ownDataTypeParameters>
</Attribute>
<Attribute name="nombre" id="E071187A-45BE-17BB-E989-F833AD3D8BA9">
<createdBy>usuario</createdBy>
<createdTime>2024-11-04 18:06:59 UTC</createdTime>
<generatorID>A998D52E-947D-CDC2-7F8A-E5B369C993DD</generatorID>
<ownerDesignName>tienda_ropa_2</ownerDesignName>
<engineerTo>
<item key="62005CB7-DEAA-916A-6660-E72EF7EC8042" value="true"/>
</engineerTo>
<use>0</use>
<logicalDatatype>LOGDT024</logicalDatatype>
<domain>69934745-C79B-28B9-FBD5-053FF5B85B51</domain>
<ownDataTypeParameters>,,</ownDataTypeParameters>
</Attribute>
<Attribute name="categoria" id="29A6D96A-DC7D-8DA9-11C2-173D14A2AF3A">
<createdBy>usuario</createdBy>
<createdTime>2024-11-04 18:06:59 UTC</createdTime>
<generatorID>26806E78-4457-5DFB-959F-C7F077BB41DB</generatorID>
<ownerDesignName>tienda_ropa_2</ownerDesignName>
<engineerTo>
<item key="62005CB7-DEAA-916A-6660-E72EF7EC8042" value="true"/>
</engineerTo>
<nullsAllowed>true</nullsAllowed>
<use>0</use>
<logicalDatatype>LOGDT024</logicalDatatype>
<domain>D15FD986-A51B-1460-43C9-4A8B2423B4D8</domain>
<ownDataTypeParameters>,,</ownDataTypeParameters>
</Attribute>
<Attribute name="talla" id="53A95BE0-C766-0A8E-5195-7996C35458FC">
<createdBy>usuario</createdBy>
<createdTime>2024-11-04 18:06:59 UTC</createdTime>
<generatorID>959D01C0-B673-FCAD-6030-D94F744722DE</generatorID>
<ownerDesignName>tienda_ropa_2</ownerDesignName>
<engineerTo>
<item key="62005CB7-DEAA-916A-6660-E72EF7EC8042" value="true"/>
</engineerTo>
<nullsAllowed>true</nullsAllowed>
<use>0</use>
<logicalDatatype>LOGDT024</logicalDatatype>
<domain>EC601796-09A9-0A91-AE96-8A2DED49048C</domain>
<ownDataTypeParameters>,,</ownDataTypeParameters>
</Attribute>
<Attribute name="color" id="391B4482-42F1-46FE-E3BA-D75323C645A9">
<createdBy>usuario</createdBy>
<createdTime>2024-11-04 18:06:59 UTC</createdTime>
<generatorID>10C24A03-95E3-78B7-AD00-7E0AC1F08ACB</generatorID>
<ownerDesignName>tienda_ropa_2</ownerDesignName>
<engineerTo>
<item key="62005CB7-DEAA-916A-6660-E72EF7EC8042" value="true"/>
</engineerTo>
<nullsAllowed>true</nullsAllowed>
<use>0</use>
<logicalDatatype>LOGDT024</logicalDatatype>
<domain>40224568-888C-8B3A-C226-9CC9534645CB</domain>
<ownDataTypeParameters>,,</ownDataTypeParameters>
</Attribute>
<Attribute name="precio" id="7EAF819C-925F-BAFB-0937-8A73EE7E3114">
<createdBy>usuario</createdBy>
<createdTime>2024-11-04 18:06:59 UTC</createdTime>
<generatorID>58D32D38-ED22-4980-9C48-4DBE20552BF2</generatorID>
<ownerDesignName>tienda_ropa_2</ownerDesignName>
<engineerTo>
<item key="62005CB7-DEAA-916A-6660-E72EF7EC8042" value="true"/>
</engineerTo>
<use>0</use>
<logicalDatatype>LOGDT026</logicalDatatype>
<domain>95A1C369-2797-1CB2-AF21-F1FEEBC51C87</domain>
<ownDataTypeParameters>,,</ownDataTypeParameters>
</Attribute>
<Attribute name="stock" id="BE968DB7-6F41-349E-BFB9-AE0301A7E4D9">
<createdBy>usuario</createdBy>
<createdTime>2024-11-04 18:06:59 UTC</createdTime>
<generatorID>98E81ED1-FA27-8E19-7B79-2A7100786A0D</generatorID>
<ownerDesignName>tienda_ropa_2</ownerDesignName>
<engineerTo>
<item key="62005CB7-DEAA-916A-6660-E72EF7EC8042" value="true"/>
</engineerTo>
<nullsAllowed>true</nullsAllowed>
<use>0</use>
<logicalDatatype>LOGDT019</logicalDatatype>
<domain>15A3F772-9A8B-F776-B9D3-509844FC3752</domain>
<defaultValue>0</defaultValue>
<ownDataTypeParameters>,,</ownDataTypeParameters>
</Attribute>
<Attribute name="img url" id="80DF6A4F-BB48-3394-5F09-ED513BD86ECE">
<createdBy>usuario</createdBy>
<createdTime>2024-11-04 18:06:59 UTC</createdTime>
<generatorID>9D4F3746-7E8C-9F45-6E7B-D2DAA28C085A</generatorID>
<ownerDesignName>tienda_ropa_2</ownerDesignName>
<engineerTo>
<item key="62005CB7-DEAA-916A-6660-E72EF7EC8042" value="true"/>
</engineerTo>
<nullsAllowed>true</nullsAllowed>
<use>0</use>
<logicalDatatype>LOGDT024</logicalDatatype>
<domain>E8FAA310-1CCA-047B-6467-175E544B18CA</domain>
<ownDataTypeParameters>,,</ownDataTypeParameters>
</Attribute>
</attributes>
<identifiers itemClass="oracle.dbtools.crest.model.design.logical.CandidateKey">
<identifier id="F690D1B7-B67F-B5BE-6A20-6D24A6248EF2" name="productos PK">
<createdBy>usuario</createdBy>
<createdTime>2024-11-04 18:06:59 UTC</createdTime>
<generatorID>7B25FEAC-DFEE-A472-E53D-58E1AE5EFB29</generatorID>
<ownerDesignName>tienda_ropa_2</ownerDesignName>
<shouldEngineer>false</shouldEngineer>
<engineerTo>
<item key="62005CB7-DEAA-916A-6660-E72EF7EC8042" value="false"/>
</engineerTo>
<pk>true</pk>
<usedAttributes>
<attributeRef>C4AE818E-1101-0274-DF12-51AF3928746B</attributeRef>
</usedAttributes>
</identifier>
</identifiers>
</Entity>