<?xml version = '1.0' encoding = 'UTF-8'?>
<Entity class="oracle.dbtools.crest.model.design.logical.Entity" directorySegmentName="seg_0" id="69A089E7-A1E9-2B45-4543-B1F7752D9A07" name="usuarios">
<createdBy>usuario</createdBy>
<createdTime>2024-11-04 18:06:59 UTC</createdTime>
<generatorID>82679905-7DDB-4DCB-2B42-8A01A737E8ED</generatorID>
<ownerDesignName>tienda_ropa_2</ownerDesignName>
<engineerTo>
<item key="62005CB7-DEAA-916A-6660-E72EF7EC8042" value="true"/>
</engineerTo>
<adequatelyNormalized>NO</adequatelyNormalized>
<expectedVolumes>0</expectedVolumes>
<fwdEngineeringStrategyName>Single Table</fwdEngineeringStrategyName>
<growthPercent>0</growthPercent>
<growthType>Year</growthType>
<maxVolumes>9999999</maxVolumes>
<minVolumes>0</minVolumes>
<normalForm>Third</normalForm>
<attributes itemClass="oracle.dbtools.crest.model.design.logical.Attribute">
<Attribute name="usuario id" id="DFDCDFE9-1588-6164-67DD-2ED7D4CA47B4">
<createdBy>usuario</createdBy>
<createdTime>2024-11-04 18:06:59 UTC</createdTime>
<generatorID>C8572251-E867-E9B7-5ACC-E3E7A7150EA9</generatorID>
<ownerDesignName>tienda_ropa_2</ownerDesignName>
<engineerTo>
<item key="62005CB7-DEAA-916A-6660-E72EF7EC8042" value="true"/>
</engineerTo>
<use>0</use>
<logicalDatatype>LOGDT019</logicalDatatype>
<domain>15A3F772-9A8B-F776-B9D3-509844FC3752</domain>
<ownDataTypeParameters>,,</ownDataTypeParameters>
</Attribute>
<Attribute name="nombre" id="999B8736-50FF-664C-FC3E-B9C1F7F8C44B">
<createdBy>usuario</createdBy>
<createdTime>2024-11-04 18:06:59 UTC</createdTime>
<generatorID>516116A3-77D9-0D22-152A-A50354E45947</generatorID>
<ownerDesignName>tienda_ropa_2</ownerDesignName>
<engineerTo>
<item key="62005CB7-DEAA-916A-6660-E72EF7EC8042" value="true"/>
</engineerTo>
<use>0</use>
<logicalDatatype>LOGDT024</logicalDatatype>
<domain>69934745-C79B-28B9-FBD5-053FF5B85B51</domain>
<ownDataTypeParameters>,,</ownDataTypeParameters>
</Attribute>
<Attribute name="contrasena" id="3AED530A-BCB6-EE12-9557-8CF5AECDBDAF">
<createdBy>usuario</createdBy>
<createdTime>2024-11-04 18:06:59 UTC</createdTime>
<generatorID>20A59A37-85F8-91E1-CF80-A8A671B81A68</generatorID>
<ownerDesignName>tienda_ropa_2</ownerDesignName>
<engineerTo>
<item key="62005CB7-DEAA-916A-6660-E72EF7EC8042" value="true"/>
</engineerTo>
<use>0</use>
<logicalDatatype>LOGDT024</logicalDatatype>
<domain>E8FAA310-1CCA-047B-6467-175E544B18CA</domain>
<ownDataTypeParameters>,,</ownDataTypeParameters>
</Attribute>
<Attribute name="fecha registro" id="6215B10A-A067-83B3-8F32-F4FF632242E6">
<createdBy>usuario</createdBy>
<createdTime>2024-11-04 18:06:59 UTC</createdTime>
<generatorID>227C95B3-FD90-0893-44C9-FBA9D6865A79</generatorID>
<ownerDesignName>tienda_ropa_2</ownerDesignName>
<engineerTo>
<item key="62005CB7-DEAA-916A-6660-E72EF7EC8042" value="true"/>
</engineerTo>
<use>0</use>
<logicalDatatype>LOGDT007</logicalDatatype>
<domain>6BDD9C0A-EDEC-FB24-67B0-3F757171E919</domain>
<ownDataTypeParameters>,,</ownDataTypeParameters>
</Attribute>
<Attribute name="tipo usuario" id="59FBECF9-4042-3C46-6084-BCCF811E811B">
<createdBy>usuario</createdBy>
<createdTime>2024-11-04 18:06:59 UTC</createdTime>
<generatorID>94DEA1DB-2FD6-E593-A52A-0AE4BFB138D9</generatorID>
<ownerDesignName>tienda_ropa_2</ownerDesignName>
<engineerTo>
<item key="62005CB7-DEAA-916A-6660-E72EF7EC8042" value="true"/>
</engineerTo>
<nullsAllowed>true</nullsAllowed>
<useDomainConstraints>false</useDomainConstraints>
<use>0</use>
<logicalDatatype>LOGDT024</logicalDatatype>
<domain>40224568-888C-8B3A-C226-9CC9534645CB</domain>
<listOfValues>
<valueDef value="administrador" description=""/>
<valueDef value="cliente" description=""/>
</listOfValues>
<ownDataTypeParameters>,,</ownDataTypeParameters>
</Attribute>
</attributes>
<identifiers itemClass="oracle.dbtools.crest.model.design.logical.CandidateKey">
<identifier id="CC949A50-48C9-8882-E1DD-F3E7CA993F8D" name="usuarios PK">
<createdBy>usuario</createdBy>
<createdTime>2024-11-04 18:06:59 UTC</createdTime>
<generatorID>CE8D10A9-28E9-477B-8D29-ECA4DAD595C3</generatorID>
<ownerDesignName>tienda_ropa_2</ownerDesignName>
<shouldEngineer>false</shouldEngineer>
<engineerTo>
<item key="62005CB7-DEAA-916A-6660-E72EF7EC8042" value="false"/>
</engineerTo>
<pk>true</pk>
<usedAttributes>
<attributeRef>DFDCDFE9-1588-6164-67DD-2ED7D4CA47B4</attributeRef>
</usedAttributes>
</identifier>
</identifiers>
</Entity>