<?xml version = '1.0' encoding = 'UTF-8'?>
<Entity class="oracle.dbtools.crest.model.design.logical.Entity" directorySegmentName="seg_0" id="D3596FCC-7E3D-D356-620F-03A1213DC354" name="detalle ventas">
<createdBy>usuario</createdBy>
<createdTime>2024-11-04 18:12:41 UTC</createdTime>
<generatorID>FBD6FABB-C426-2F90-1140-9FBC1BDCF6EC</generatorID>
<ownerDesignName>tienda_ropa_2</ownerDesignName>
<engineerTo>
<item key="62005CB7-DEAA-916A-6660-E72EF7EC8042" value="true"/>
</engineerTo>
<adequatelyNormalized>NO</adequatelyNormalized>
<expectedVolumes>0</expectedVolumes>
<fwdEngineeringStrategyName>Single Table</fwdEngineeringStrategyName>
<growthPercent>0</growthPercent>
<growthType>Year</growthType>
<maxVolumes>9999999</maxVolumes>
<minVolumes>0</minVolumes>
<normalForm>Third</normalForm>
<attributes itemClass="oracle.dbtools.crest.model.design.logical.Attribute">
<Attribute name="detalle id" id="6F71CA1A-5FBE-F7AF-D9B9-1504DA1CD7AE">
<createdBy>usuario</createdBy>
<createdTime>2024-11-04 18:12:41 UTC</createdTime>
<generatorID>D39308BD-34A9-46E5-B607-9C6E03868E09</generatorID>
<ownerDesignName>tienda_ropa_2</ownerDesignName>
<engineerTo>
<item key="62005CB7-DEAA-916A-6660-E72EF7EC8042" value="true"/>
</engineerTo>
<use>0</use>
<logicalDatatype>LOGDT019</logicalDatatype>
<domain>15A3F772-9A8B-F776-B9D3-509844FC3752</domain>
<ownDataTypeParameters>,,</ownDataTypeParameters>
</Attribute>
<Attribute name="venta id" id="38C887FE-CE82-EACC-7E40-A1A06BF711A0">
<createdBy>usuario</createdBy>
<createdTime>2024-11-04 18:12:41 UTC</createdTime>
<generatorID>0E9AC921-1887-EF99-61CB-909544FE4BD2</generatorID>
<ownerDesignName>tienda_ropa_2</ownerDesignName>
<engineerTo>
<item key="62005CB7-DEAA-916A-6660-E72EF7EC8042" value="true"/>
</engineerTo>
<referedAttribute>2BD34AF6-21E9-0FAB-3069-8A1F1C55993C</referedAttribute>
<use>0</use>
<logicalDatatype>LOGDT019</logicalDatatype>
<domain>15A3F772-9A8B-F776-B9D3-509844FC3752</domain>
<ownDataTypeParameters>,,</ownDataTypeParameters>
</Attribute>
<Attribute name="producto id" id="0A2A063B-9A26-B792-E684-7D18E68AA1E9">
<createdBy>usuario</createdBy>
<createdTime>2024-11-04 18:12:41 UTC</createdTime>
<generatorID>398E56FD-5EB4-692D-0638-DB0434D96696</generatorID>
<ownerDesignName>tienda_ropa_2</ownerDesignName>
<engineerTo>
<item key="62005CB7-DEAA-916A-6660-E72EF7EC8042" value="true"/>
</engineerTo>
<referedAttribute>C4AE818E-1101-0274-DF12-51AF3928746B</referedAttribute>
<use>0</use>
<logicalDatatype>LOGDT019</logicalDatatype>
<domain>15A3F772-9A8B-F776-B9D3-509844FC3752</domain>
<ownDataTypeParameters>,,</ownDataTypeParameters>
</Attribute>
<Attribute name="cantidad" id="652BD92A-F025-84AB-3EB8-649029A75A25">
<createdBy>usuario</createdBy>
<createdTime>2024-11-04 18:12:41 UTC</createdTime>
<generatorID>8CE28E2A-A0DC-44B6-CF90-97B9BEF8AA26</generatorID>
<ownerDesignName>tienda_ropa_2</ownerDesignName>
<engineerTo>
<item key="62005CB7-DEAA-916A-6660-E72EF7EC8042" value="true"/>
</engineerTo>
<use>0</use>
<logicalDatatype>LOGDT019</logicalDatatype>
<domain>15A3F772-9A8B-F776-B9D3-509844FC3752</domain>
<ownDataTypeParameters>,,</ownDataTypeParameters>
</Attribute>
<Attribute name="precio" id="FFFBEA40-9518-1C39-FDE4-738FBA226840">
<createdBy>usuario</createdBy>
<createdTime>2024-11-04 18:12:41 UTC</createdTime>
<generatorID>B16F4126-DCD5-6C68-4921-2B3FA4E20475</generatorID>
<ownerDesignName>tienda_ropa_2</ownerDesignName>
<engineerTo>
<item key="62005CB7-DEAA-916A-6660-E72EF7EC8042" value="true"/>
</engineerTo>
<use>0</use>
<logicalDatatype>LOGDT026</logicalDatatype>
<domain>95A1C369-2797-1CB2-AF21-F1FEEBC51C87</domain>
<ownDataTypeParameters>,,</ownDataTypeParameters>
</Attribute>
</attributes>
<identifiers itemClass="oracle.dbtools.crest.model.design.logical.CandidateKey">
<identifier id="488B5A78-18B2-9C13-553F-5C69FEC8A94E" name="detalle ventas PK">
<createdBy>usuario</createdBy>
<createdTime>2024-11-04 18:12:41 UTC</createdTime>
<generatorID>95D849D3-F727-4BAC-40CF-F20326BA34CF</generatorID>
<ownerDesignName>tienda_ropa_2</ownerDesignName>
<shouldEngineer>false</shouldEngineer>
<engineerTo>
<item key="62005CB7-DEAA-916A-6660-E72EF7EC8042" value="false"/>
</engineerTo>
<pk>true</pk>
<usedAttributes>
<attributeRef>6F71CA1A-5FBE-F7AF-D9B9-1504DA1CD7AE</attributeRef>
</usedAttributes>
</identifier>
</identifiers>
</Entity>