<?xml version = '1.0' encoding = 'UTF-8'?>
<Entity class="oracle.dbtools.crest.model.design.logical.Entity" directorySegmentName="seg_0" id="E967440D-740B-4705-5A33-F1C3C0A2D6AF" name="carrito">
<createdBy>usuario</createdBy>
<createdTime>2024-11-04 18:06:59 UTC</createdTime>
<generatorID>FF117F08-6078-6E99-D63B-AF3304D2A832</generatorID>
<ownerDesignName>tienda_ropa_2</ownerDesignName>
<engineerTo>
<item key="62005CB7-DEAA-916A-6660-E72EF7EC8042" value="true"/>
</engineerTo>
<adequatelyNormalized>NO</adequatelyNormalized>
<expectedVolumes>0</expectedVolumes>
<fwdEngineeringStrategyName>Single Table</fwdEngineeringStrategyName>
<growthPercent>0</growthPercent>
<growthType>Year</growthType>
<maxVolumes>9999999</maxVolumes>
<minVolumes>0</minVolumes>
<normalForm>Third</normalForm>
<attributes itemClass="oracle.dbtools.crest.model.design.logical.Attribute">
<Attribute name="carrito id" id="67A10346-38AC-8A8C-2D91-38E2CFDA4101">
<createdBy>usuario</createdBy>
<createdTime>2024-11-04 18:06:59 UTC</createdTime>
<generatorID>C41D3006-5715-E9A8-E291-3F250B27363E</generatorID>
<ownerDesignName>tienda_ropa_2</ownerDesignName>
<engineerTo>
<item key="62005CB7-DEAA-916A-6660-E72EF7EC8042" value="true"/>
</engineerTo>
<use>0</use>
<logicalDatatype>LOGDT019</logicalDatatype>
<domain>15A3F772-9A8B-F776-B9D3-509844FC3752</domain>
<ownDataTypeParameters>,,</ownDataTypeParameters>
</Attribute>
<Attribute name="producto id" id="11B60713-8230-DE5E-D270-D50271536CB4">
<createdBy>usuario</createdBy>
<createdTime>2024-11-04 18:06:59 UTC</createdTime>
<generatorID>5B55A6D8-10A5-70AC-F323-07F6F9D91070</generatorID>
<ownerDesignName>tienda_ropa_2</ownerDesignName>
<engineerTo>
<item key="62005CB7-DEAA-916A-6660-E72EF7EC8042" value="true"/>
</engineerTo>
<referedAttribute>C4AE818E-1101-0274-DF12-51AF3928746B</referedAttribute>
<use>0</use>
<logicalDatatype>LOGDT019</logicalDatatype>
<domain>15A3F772-9A8B-F776-B9D3-509844FC3752</domain>
<ownDataTypeParameters>,,</ownDataTypeParameters>
</Attribute>
<Attribute name="nombre" id="2AEF3169-C55C-AC47-345D-82CAF186F055">
<createdBy>usuario</createdBy>
<createdTime>2024-11-04 18:06:59 UTC</createdTime>
<generatorID>F8DFC747-6420-473D-903A-2981AFAB0C8C</generatorID>
<ownerDesignName>tienda_ropa_2</ownerDesignName>
<engineerTo>
<item key="62005CB7-DEAA-916A-6660-E72EF7EC8042" value="true"/>
</engineerTo>
<nullsAllowed>true</nullsAllowed>
<use>0</use>
<logicalDatatype>LOGDT024</logicalDatatype>
<domain>E8FAA310-1CCA-047B-6467-175E544B18CA</domain>
<ownDataTypeParameters>,,</ownDataTypeParameters>
</Attribute>
<Attribute name="precio" id="09AF7416-D822-B1C6-A0A4-CB3DF89FE4A0">
<createdBy>usuario</createdBy>
<createdTime>2024-11-04 18:06:59 UTC</createdTime>
<generatorID>E1C112C8-6589-30C7-E88A-7FDEAC1BB9D9</generatorID>
<ownerDesignName>tienda_ropa_2</ownerDesignName>
<engineerTo>
<item key="62005CB7-DEAA-916A-6660-E72EF7EC8042" value="true"/>
</engineerTo>
<nullsAllowed>true</nullsAllowed>
<use>0</use>
<logicalDatatype>LOGDT026</logicalDatatype>
<domain>95A1C369-2797-1CB2-AF21-F1FEEBC51C87</domain>
<ownDataTypeParameters>,,</ownDataTypeParameters>
</Attribute>
<Attribute name="cantidad" id="F05AA0BF-DED9-2444-F5D8-FB216A94DD8A">
<createdBy>usuario</createdBy>
<createdTime>2024-11-04 18:06:59 UTC</createdTime>
<generatorID>D9D70CCB-D869-6C2D-4D91-387F80A1B959</generatorID>
<ownerDesignName>tienda_ropa_2</ownerDesignName>
<engineerTo>
<item key="62005CB7-DEAA-916A-6660-E72EF7EC8042" value="true"/>
</engineerTo>
<nullsAllowed>true</nullsAllowed>
<use>0</use>
<logicalDatatype>LOGDT019</logicalDatatype>
<domain>15A3F772-9A8B-F776-B9D3-509844FC3752</domain>
<defaultValue>1</defaultValue>
<ownDataTypeParameters>,,</ownDataTypeParameters>
</Attribute>
</attributes>
<identifiers itemClass="oracle.dbtools.crest.model.design.logical.CandidateKey">
<identifier id="BEE2FEAB-5CA0-1558-386D-B3A1D7E18A50" name="carrito PK">
<createdBy>usuario</createdBy>
<createdTime>2024-11-04 18:06:59 UTC</createdTime>
<generatorID>7017CECD-D2A9-AD7F-C3DD-8EBF82621FCE</generatorID>
<ownerDesignName>tienda_ropa_2</ownerDesignName>
<shouldEngineer>false</shouldEngineer>
<engineerTo>
<item key="62005CB7-DEAA-916A-6660-E72EF7EC8042" value="false"/>
</engineerTo>
<pk>true</pk>
<usedAttributes>
<attributeRef>67A10346-38AC-8A8C-2D91-38E2CFDA4101</attributeRef>
</usedAttributes>
</identifier>
</identifiers>
</Entity>