<?xml version = '1.0' encoding = 'UTF-8'?>
<SequenceOraclev10g class="oracle.dbtools.crest.model.design.storage.oracle.v10g.SequenceOraclev10g" name="seq_carrito" directorySegmentName="seg_0" id="1117D7B4-7250-4FF1-64BC-B968B9D850F1">
<sourceDDLFile>modelo.sql</sourceDDLFile>
<createdBy>usuario</createdBy>
<createdTime>2024-11-04 18:15:56 UTC</createdTime>
<ownerDesignName>tienda_ropa_2</ownerDesignName>
<incrementBy>1</incrementBy>
<noCache>YES</noCache>
<startWith>1</startWith>
</SequenceOraclev10g>