<?xml version = '1.0' encoding = 'UTF-8'?>
<SequenceOraclev10g class="oracle.dbtools.crest.model.design.storage.oracle.v10g.SequenceOraclev10g" name="seq_usuarios" directorySegmentName="seg_0" id="6427D5EA-EA60-F9B6-7F26-6DBD4E0AE36C">
<sourceDDLFile>modelo.sql</sourceDDLFile>
<createdBy>usuario</createdBy>
<createdTime>2024-11-04 18:15:56 UTC</createdTime>
<ownerDesignName>tienda_ropa_2</ownerDesignName>
<incrementBy>1</incrementBy>
<noCache>YES</noCache>
<startWith>1</startWith>
</SequenceOraclev10g>