<?xml version = '1.0' encoding = 'UTF-8'?>
<SequenceOraclev10g class="oracle.dbtools.crest.model.design.storage.oracle.v10g.SequenceOraclev10g" name="seq_detalle_ventas" directorySegmentName="seg_0" id="9543FEFD-C560-C93C-756B-7AB7E093BFF3">
<sourceDDLFile>modelo.sql</sourceDDLFile>
<createdBy>usuario</createdBy>
<createdTime>2024-11-04 18:15:56 UTC</createdTime>
<ownerDesignName>tienda_ropa_2</ownerDesignName>
<incrementBy>1</incrementBy>
<noCache>YES</noCache>
<startWith>1</startWith>
</SequenceOraclev10g>