<?xml version = '1.0' encoding = 'UTF-8'?>
<SequenceOraclev10g class="oracle.dbtools.crest.model.design.storage.oracle.v10g.SequenceOraclev10g" name="seq_productos" directorySegmentName="seg_0" id="C6442C38-4E85-6CA3-B0C6-A2611A046CDB">
<sourceDDLFile>modelo.sql</sourceDDLFile>
<createdBy>usuario</createdBy>
<createdTime>2024-11-04 18:15:56 UTC</createdTime>
<ownerDesignName>tienda_ropa_2</ownerDesignName>
<incrementBy>1</incrementBy>
<noCache>YES</noCache>
<startWith>1</startWith>
</SequenceOraclev10g>