<?xml version = '1.0' encoding = 'UTF-8'?>
<Diagram class="oracle.dbtools.crest.swingui.logical.DPVLogical" name="Logical" id="F1E00DC0-6EAF-0398-D9F7-F2B2204BF3BB">
<createdBy>usuario</createdBy>
<modifiedBy>usuario</modifiedBy>
<createdTime>2024-11-04 18:06:59 UTC</createdTime>
<autoRoute>false</autoRoute>
<boxInbox>true</boxInbox>
<showLegend>false</showLegend>
<showLabels>false</showLabels>
<showRelAttributes>false</showRelAttributes>
<gridEnabled>false</gridEnabled>
<showGrid>false</showGrid>
<diagramColor>-1</diagramColor>
<display>false</display>
<notation>1</notation>
<objectViews>
<OView class="oracle.dbtools.crest.swingui.logical.TVEntity" oid="1D433A33-49D1-6AB5-4515-5B0532813EBF" otype="Entity" vid="176C6178-EB22-F027-29C6-C20BD0DEBB31">
<hideElementsInCurrentOnly>false</hideElementsInCurrentOnly>
<bounds x="20" y="230" width="198" height="158"/>
</OView>
<OView class="oracle.dbtools.crest.swingui.logical.TVEntity" oid="40A2AA65-3BA4-A1F8-69C5-036AEED0FDE9" otype="Entity" vid="4C2408C1-6CE6-5F01-021C-E0B695899F15">
<hideElementsInCurrentOnly>false</hideElementsInCurrentOnly>
<bounds x="560" y="349" width="199" height="150"/>
</OView>
<OView class="oracle.dbtools.crest.swingui.logical.TVEntity" oid="69A089E7-A1E9-2B45-4543-B1F7752D9A07" otype="Entity" vid="984B85EC-A240-9C77-BD77-59050BA1B77C">
<hideElementsInCurrentOnly>false</hideElementsInCurrentOnly>
<bounds x="555" y="0" width="208" height="116"/>
</OView>
<OView class="oracle.dbtools.crest.swingui.logical.TVEntity" oid="D3354022-BEDB-B1D4-6407-7FA40232B1B0" otype="Entity" vid="C55039ED-DDA2-EB57-1CFF-39D87AA5A1FC">
<hideElementsInCurrentOnly>false</hideElementsInCurrentOnly>
<bounds x="612" y="172" width="192" height="136"/>
</OView>
<OView class="oracle.dbtools.crest.swingui.logical.TVEntity" oid="D3596FCC-7E3D-D356-620F-03A1213DC354" otype="Entity" vid="E972A8CC-1AEA-AFBD-9B9A-0717FCBB6BB1">
<hideElementsInCurrentOnly>false</hideElementsInCurrentOnly>
<bounds x="278" y="172" width="204" height="178"/>
</OView>
<OView class="oracle.dbtools.crest.swingui.logical.TVEntity" oid="E967440D-740B-4705-5A33-F1C3C0A2D6AF" otype="Entity" vid="A0DE885E-9CA9-E335-FF7D-6B18E29536AF">
<hideElementsInCurrentOnly>false</hideElementsInCurrentOnly>
<bounds x="6" y="23" width="198" height="150"/>
</OView>
</objectViews>
<connectors>
<Connector class="oracle.dbtools.crest.swingui.logical.TVRelation" oid="0E9AC921-1887-EF99-61CB-909544FE4BD2" otype="Relation" vid_source="C55039ED-DDA2-EB57-1CFF-39D87AA5A1FC" vid_target="E972A8CC-1AEA-AFBD-9B9A-0717FCBB6BB1">
<hideElementsInCurrentOnly>false</hideElementsInCurrentOnly>
<backgroundColor>-16777216</backgroundColor>
<lineWidth>1</lineWidth>
<points>
<point x="612" y="240"/>
<point x="482" y="240"/>
</points>
</Connector>
<Connector class="oracle.dbtools.crest.swingui.logical.TVRelation" oid="284189F5-D08F-1339-BD3F-1C4EB608AEDD" otype="Relation" vid_source="984B85EC-A240-9C77-BD77-59050BA1B77C" vid_target="C55039ED-DDA2-EB57-1CFF-39D87AA5A1FC">
<hideElementsInCurrentOnly>false</hideElementsInCurrentOnly>
<backgroundColor>-16777216</backgroundColor>
<lineWidth>1</lineWidth>
<points>
<point x="687" y="116"/>
<point x="687" y="172"/>
</points>
</Connector>
<Connector class="oracle.dbtools.crest.swingui.logical.TVRelation" oid="398E56FD-5EB4-692D-0638-DB0434D96696" otype="Relation" vid_source="176C6178-EB22-F027-29C6-C20BD0DEBB31" vid_target="E972A8CC-1AEA-AFBD-9B9A-0717FCBB6BB1">
<hideElementsInCurrentOnly>false</hideElementsInCurrentOnly>
<backgroundColor>-16777216</backgroundColor>
<lineWidth>1</lineWidth>
<points>
<point x="218" y="290"/>
<point x="278" y="290"/>
</points>
</Connector>
<Connector class="oracle.dbtools.crest.swingui.logical.TVRelation" oid="5B55A6D8-10A5-70AC-F323-07F6F9D91070" otype="Relation" vid_source="176C6178-EB22-F027-29C6-C20BD0DEBB31" vid_target="A0DE885E-9CA9-E335-FF7D-6B18E29536AF">
<hideElementsInCurrentOnly>false</hideElementsInCurrentOnly>
<backgroundColor>-16777216</backgroundColor>
<lineWidth>1</lineWidth>
<points>
<point x="97" y="230"/>
<point x="97" y="173"/>
</points>
</Connector>
<Connector class="oracle.dbtools.crest.swingui.logical.TVRelation" oid="A49A63EC-26C9-9A21-339E-FCABCF17C182" otype="Relation" vid_source="C55039ED-DDA2-EB57-1CFF-39D87AA5A1FC" vid_target="4C2408C1-6CE6-5F01-021C-E0B695899F15">
<hideElementsInCurrentOnly>false</hideElementsInCurrentOnly>
<backgroundColor>-16777216</backgroundColor>
<lineWidth>1</lineWidth>
<points>
<point x="685" y="308"/>
<point x="685" y="349"/>
</points>
</Connector>
</connectors>
</Diagram>