<?xml version = '1.0' encoding = 'UTF-8'?>
<TriggerOraclev10g class="oracle.dbtools.crest.model.design.storage.oracle.v10g.TriggerOraclev10g" name="trg_carrito_bi" directorySegmentName="seg_0" id="2AF3CDF5-1234-92B2-1CF2-D08F9C7E21B2">
<sourceDDLFile>modelo.sql</sourceDDLFile>
<createdBy>usuario</createdBy>
<createdTime>2024-11-04 18:15:56 UTC</createdTime>
<ownerDesignName>tienda_ropa_2</ownerDesignName>
<actions>INSERT</actions>
<body><![CDATA[BEGIN
  SELECT seq_carrito.NEXTVAL INTO :NEW.carrito_id FROM dual;
END;]]></body>
<triggerTime>BEFORE</triggerTime>
<table>FF117F08-6078-6E99-D63B-AF3304D2A832</table>
</TriggerOraclev10g>