<?xml version = '1.0' encoding = 'UTF-8'?>
<TriggerOraclev10g class="oracle.dbtools.crest.model.design.storage.oracle.v10g.TriggerOraclev10g" name="trg_ventas_bi" directorySegmentName="seg_0" id="40894A1C-8B93-E135-BAA7-49CD52F7D4AB">
<sourceDDLFile>modelo.sql</sourceDDLFile>
<createdBy>usuario</createdBy>
<createdTime>2024-11-04 18:15:56 UTC</createdTime>
<ownerDesignName>tienda_ropa_2</ownerDesignName>
<actions>INSERT</actions>
<body><![CDATA[BEGIN
  SELECT seq_ventas.NEXTVAL INTO :NEW.venta_id FROM dual;
END;]]></body>
<triggerTime>BEFORE</triggerTime>
<table>2561DBCF-B9DF-BF17-E622-BA67C5FE68F6</table>
</TriggerOraclev10g>