<?xml version = '1.0' encoding = 'UTF-8'?>
<TriggerOraclev10g class="oracle.dbtools.crest.model.design.storage.oracle.v10g.TriggerOraclev10g" name="trg_productos_bi" directorySegmentName="seg_0" id="4DF5BFF3-9947-C043-C5C4-52A40C1D807E">
<sourceDDLFile>modelo.sql</sourceDDLFile>
<createdBy>usuario</createdBy>
<createdTime>2024-11-04 18:15:56 UTC</createdTime>
<ownerDesignName>tienda_ropa_2</ownerDesignName>
<actions>INSERT</actions>
<body><![CDATA[BEGIN
  SELECT seq_productos.NEXTVAL INTO :NEW.producto_id FROM dual;
END;]]></body>
<triggerTime>BEFORE</triggerTime>
<table>A680E222-C673-2CD5-53A5-174F39C55420</table>
</TriggerOraclev10g>