<?xml version = '1.0' encoding = 'UTF-8'?>
<TriggerOraclev10g class="oracle.dbtools.crest.model.design.storage.oracle.v10g.TriggerOraclev10g" name="trg_pagos_bi" directorySegmentName="seg_0" id="556FE1BD-9232-C05C-AFA3-F622DE14BCBB">
<sourceDDLFile>modelo.sql</sourceDDLFile>
<createdBy>usuario</createdBy>
<createdTime>2024-11-04 18:15:56 UTC</createdTime>
<ownerDesignName>tienda_ropa_2</ownerDesignName>
<actions>INSERT</actions>
<body><![CDATA[BEGIN
  SELECT seq_pagos.NEXTVAL INTO :NEW.pago_id FROM dual;
END;]]></body>
<triggerTime>BEFORE</triggerTime>
<table>51CA6561-1010-EA3B-6819-65D45879401B</table>
</TriggerOraclev10g>