<?xml version = '1.0' encoding = 'UTF-8'?>
<TriggerOraclev10g class="oracle.dbtools.crest.model.design.storage.oracle.v10g.TriggerOraclev10g" name="trg_detalle_ventas_bi" directorySegmentName="seg_0" id="8AD38AA8-A3E6-FCF1-AB9D-53B40F1C5BD7">
<sourceDDLFile>modelo.sql</sourceDDLFile>
<createdBy>usuario</createdBy>
<createdTime>2024-11-04 18:15:56 UTC</createdTime>
<ownerDesignName>tienda_ropa_2</ownerDesignName>
<actions>INSERT</actions>
<body><![CDATA[BEGIN
  SELECT seq_detalle_ventas.NEXTVAL INTO :NEW.detalle_id FROM dual;
END;]]></body>
<triggerTime>BEFORE</triggerTime>
<table>FBD6FABB-C426-2F90-1140-9FBC1BDCF6EC</table>
</TriggerOraclev10g>