<?xml version = '1.0' encoding = 'UTF-8'?>
<TriggerOraclev10g class="oracle.dbtools.crest.model.design.storage.oracle.v10g.TriggerOraclev10g" name="trg_usuarios_bi" directorySegmentName="seg_0" id="BF518B0E-3BC6-7E39-7BB9-77BD9276D9CA">
<sourceDDLFile>modelo.sql</sourceDDLFile>
<createdBy>usuario</createdBy>
<createdTime>2024-11-04 18:15:56 UTC</createdTime>
<ownerDesignName>tienda_ropa_2</ownerDesignName>
<actions>INSERT</actions>
<body><![CDATA[BEGIN
  SELECT seq_usuarios.NEXTVAL INTO :NEW.usuario_id FROM dual;
END;]]></body>
<triggerTime>BEFORE</triggerTime>
<table>82679905-7DDB-4DCB-2B42-8A01A737E8ED</table>
</TriggerOraclev10g>