<?xml version = '1.0' encoding = 'UTF-8'?>
<TableProxyOraclev11g class="oracle.dbtools.crest.model.design.storage.oracle.v11g.TableProxyOraclev11g" name="ventas" directorySegmentName="seg_0" id="2561DBCF-B9DF-BF17-E622-BA67C5FE68F6">
<createdBy>usuario</createdBy>
<createdTime>2024-11-04 18:12:19 UTC</createdTime>
<ownerDesignName>tienda_ropa_2</ownerDesignName>
<logging>YES</logging>
<partitionedRowMovement>DISABLE</partitionedRowMovement>
<temporaryChanged>false</temporaryChanged>
<accessDriverType>oracle_loader</accessDriverType>
<rejectLimit></rejectLimit>
<columnProxies itemClass="oracle.dbtools.crest.model.design.storage.oracle.v12c.ColumnProxyOraclev12c">
<ColumnProxy name="venta_id" id="45AD65C9-B245-4A3A-3584-CF85C8108D09">
<createdBy>usuario</createdBy>
<createdTime>2024-11-04 18:12:19 UTC</createdTime>
<ownerDesignName>tienda_ropa_2</ownerDesignName>
</ColumnProxy>
<ColumnProxy name="fecha_venta" id="598B6260-39DC-B307-1C8A-DCEE8060731F">
<createdBy>usuario</createdBy>
<createdTime>2024-11-04 18:12:19 UTC</createdTime>
<ownerDesignName>tienda_ropa_2</ownerDesignName>
</ColumnProxy>
<ColumnProxy name="KEY" id="6147216F-3036-15CA-0E01-738C62885440">
<createdBy>usuario</createdBy>
<createdTime>2024-11-04 18:12:19 UTC</createdTime>
<ownerDesignName>tienda_ropa_2</ownerDesignName>
</ColumnProxy>
<ColumnProxy name="total" id="9E220607-B06F-DA0D-DA63-2D19721B79EF">
<createdBy>usuario</createdBy>
<createdTime>2024-11-04 18:12:19 UTC</createdTime>
<ownerDesignName>tienda_ropa_2</ownerDesignName>
</ColumnProxy>
<ColumnProxy name="usuarios_usuario_id" id="C1992F01-6745-AD15-3538-F97DBF5300C1">
<createdBy>usuario</createdBy>
<createdTime>2024-11-04 18:12:19 UTC</createdTime>
<ownerDesignName>tienda_ropa_2</ownerDesignName>
</ColumnProxy>
</columnProxies>
<foreignKeys>
<ForeignKey class="oracle.dbtools.crest.model.design.storage.oracle.v10g.FKProxyOraclev10g" name="ventas_usuarios_FK" id="2F66BE88-BB8C-B0C9-072B-CB56A3A8D7AE">
<createdBy>usuario</createdBy>
<createdTime>2024-11-04 18:12:19 UTC</createdTime>
<ownerDesignName>tienda_ropa_2</ownerDesignName>
</ForeignKey>
</foreignKeys>
<primaryKeys>
<PrimaryKey class="oracle.dbtools.crest.model.design.storage.oracle.v10g.PKProxyOraclev10g" name="ventas_pk" id="BACDE29C-E501-6318-925E-D3E834BFF419">
<createdBy>usuario</createdBy>
<createdTime>2024-11-04 18:12:19 UTC</createdTime>
<ownerDesignName>tienda_ropa_2</ownerDesignName>
<nameChanged>true</nameChanged>
<indexSort>SORTED</indexSort>
</PrimaryKey>
</primaryKeys>
</TableProxyOraclev11g>