<?xml version = '1.0' encoding = 'UTF-8'?>
<TableProxyOraclev11g class="oracle.dbtools.crest.model.design.storage.oracle.v11g.TableProxyOraclev11g" name="usuarios" directorySegmentName="seg_0" id="82679905-7DDB-4DCB-2B42-8A01A737E8ED">
<createdBy>usuario</createdBy>
<createdTime>2024-11-04 18:06:15 UTC</createdTime>
<ownerDesignName>tienda_ropa_2</ownerDesignName>
<logging>YES</logging>
<partitionedRowMovement>DISABLE</partitionedRowMovement>
<temporaryChanged>false</temporaryChanged>
<accessDriverType>oracle_loader</accessDriverType>
<rejectLimit></rejectLimit>
<columnProxies itemClass="oracle.dbtools.crest.model.design.storage.oracle.v12c.ColumnProxyOraclev12c">
<ColumnProxy name="contrasena" id="20A59A37-85F8-91E1-CF80-A8A671B81A68">
<createdBy>usuario</createdBy>
<createdTime>2024-11-04 18:06:15 UTC</createdTime>
<ownerDesignName>tienda_ropa_2</ownerDesignName>
</ColumnProxy>
<ColumnProxy name="fecha_registro" id="227C95B3-FD90-0893-44C9-FBA9D6865A79">
<createdBy>usuario</createdBy>
<createdTime>2024-11-04 18:06:15 UTC</createdTime>
<ownerDesignName>tienda_ropa_2</ownerDesignName>
</ColumnProxy>
<ColumnProxy name="nombre" id="516116A3-77D9-0D22-152A-A50354E45947">
<createdBy>usuario</createdBy>
<createdTime>2024-11-04 18:06:15 UTC</createdTime>
<ownerDesignName>tienda_ropa_2</ownerDesignName>
</ColumnProxy>
<ColumnProxy name="tipo_usuario" id="94DEA1DB-2FD6-E593-A52A-0AE4BFB138D9">
<createdBy>usuario</createdBy>
<createdTime>2024-11-04 18:06:15 UTC</createdTime>
<ownerDesignName>tienda_ropa_2</ownerDesignName>
</ColumnProxy>
<ColumnProxy name="usuario_id" id="C8572251-E867-E9B7-5ACC-E3E7A7150EA9">
<createdBy>usuario</createdBy>
<createdTime>2024-11-04 18:06:15 UTC</createdTime>
<ownerDesignName>tienda_ropa_2</ownerDesignName>
</ColumnProxy>
</columnProxies>
<primaryKeys>
<PrimaryKey class="oracle.dbtools.crest.model.design.storage.oracle.v10g.PKProxyOraclev10g" name="usuarios_pk" id="CE8D10A9-28E9-477B-8D29-ECA4DAD595C3">
<createdBy>usuario</createdBy>
<createdTime>2024-11-04 18:06:15 UTC</createdTime>
<ownerDesignName>tienda_ropa_2</ownerDesignName>
<nameChanged>true</nameChanged>
<indexSort>SORTED</indexSort>
</PrimaryKey>
</primaryKeys>
</TableProxyOraclev11g>