<?xml version = '1.0' encoding = 'UTF-8'?>
<TableProxyOraclev11g class="oracle.dbtools.crest.model.design.storage.oracle.v11g.TableProxyOraclev11g" name="productos" directorySegmentName="seg_0" id="A680E222-C673-2CD5-53A5-174F39C55420">
<createdBy>usuario</createdBy>
<createdTime>2024-11-04 18:06:15 UTC</createdTime>
<ownerDesignName>tienda_ropa_2</ownerDesignName>
<logging>YES</logging>
<partitionedRowMovement>DISABLE</partitionedRowMovement>
<temporaryChanged>false</temporaryChanged>
<accessDriverType>oracle_loader</accessDriverType>
<rejectLimit></rejectLimit>
<columnProxies itemClass="oracle.dbtools.crest.model.design.storage.oracle.v12c.ColumnProxyOraclev12c">
<ColumnProxy name="color" id="10C24A03-95E3-78B7-AD00-7E0AC1F08ACB">
<createdBy>usuario</createdBy>
<createdTime>2024-11-04 18:06:15 UTC</createdTime>
<ownerDesignName>tienda_ropa_2</ownerDesignName>
</ColumnProxy>
<ColumnProxy name="categoria" id="26806E78-4457-5DFB-959F-C7F077BB41DB">
<createdBy>usuario</createdBy>
<createdTime>2024-11-04 18:06:15 UTC</createdTime>
<ownerDesignName>tienda_ropa_2</ownerDesignName>
</ColumnProxy>
<ColumnProxy name="precio" id="58D32D38-ED22-4980-9C48-4DBE20552BF2">
<createdBy>usuario</createdBy>
<createdTime>2024-11-04 18:06:15 UTC</createdTime>
<ownerDesignName>tienda_ropa_2</ownerDesignName>
</ColumnProxy>
<ColumnProxy name="talla" id="959D01C0-B673-FCAD-6030-D94F744722DE">
<createdBy>usuario</createdBy>
<createdTime>2024-11-04 18:06:15 UTC</createdTime>
<ownerDesignName>tienda_ropa_2</ownerDesignName>
</ColumnProxy>
<ColumnProxy name="stock" id="98E81ED1-FA27-8E19-7B79-2A7100786A0D">
<createdBy>usuario</createdBy>
<createdTime>2024-11-04 18:06:15 UTC</createdTime>
<ownerDesignName>tienda_ropa_2</ownerDesignName>
<defaultValue>0</defaultValue>
</ColumnProxy>
<ColumnProxy name="img_url" id="9D4F3746-7E8C-9F45-6E7B-D2DAA28C085A">
<createdBy>usuario</createdBy>
<createdTime>2024-11-04 18:06:15 UTC</createdTime>
<ownerDesignName>tienda_ropa_2</ownerDesignName>
</ColumnProxy>
<ColumnProxy name="nombre" id="A998D52E-947D-CDC2-7F8A-E5B369C993DD">
<createdBy>usuario</createdBy>
<createdTime>2024-11-04 18:06:15 UTC</createdTime>
<ownerDesignName>tienda_ropa_2</ownerDesignName>
</ColumnProxy>
<ColumnProxy name="producto_id" id="B482AC39-AD76-6FA3-D821-0D88AF282700">
<createdBy>usuario</createdBy>
<createdTime>2024-11-04 18:06:15 UTC</createdTime>
<ownerDesignName>tienda_ropa_2</ownerDesignName>
</ColumnProxy>
</columnProxies>
<primaryKeys>
<PrimaryKey class="oracle.dbtools.crest.model.design.storage.oracle.v10g.PKProxyOraclev10g" name="productos_pk" id="7B25FEAC-DFEE-A472-E53D-58E1AE5EFB29">
<createdBy>usuario</createdBy>
<createdTime>2024-11-04 18:06:15 UTC</createdTime>
<ownerDesignName>tienda_ropa_2</ownerDesignName>
<nameChanged>true</nameChanged>
<indexSort>SORTED</indexSort>
</PrimaryKey>
</primaryKeys>
</TableProxyOraclev11g>