<?xml version = '1.0' encoding = 'UTF-8'?>
<TableProxyOraclev11g class="oracle.dbtools.crest.model.design.storage.oracle.v11g.TableProxyOraclev11g" name="carrito" directorySegmentName="seg_0" id="FF117F08-6078-6E99-D63B-AF3304D2A832">
<createdBy>usuario</createdBy>
<createdTime>2024-11-04 18:06:15 UTC</createdTime>
<ownerDesignName>tienda_ropa_2</ownerDesignName>
<logging>YES</logging>
<partitionedRowMovement>DISABLE</partitionedRowMovement>
<temporaryChanged>false</temporaryChanged>
<accessDriverType>oracle_loader</accessDriverType>
<rejectLimit></rejectLimit>
<columnProxies itemClass="oracle.dbtools.crest.model.design.storage.oracle.v12c.ColumnProxyOraclev12c">
<ColumnProxy name="KEY" id="06B296AD-F815-2D3E-2CE4-A1A39F09A09C">
<createdBy>usuario</createdBy>
<createdTime>2024-11-04 18:06:15 UTC</createdTime>
<ownerDesignName>tienda_ropa_2</ownerDesignName>
</ColumnProxy>
<ColumnProxy name="productos_producto_id" id="55F2928B-F6D0-6094-7D3E-2F6008F12C72">
<createdBy>usuario</createdBy>
<createdTime>2024-11-04 18:06:15 UTC</createdTime>
<ownerDesignName>tienda_ropa_2</ownerDesignName>
</ColumnProxy>
<ColumnProxy name="carrito_id" id="C41D3006-5715-E9A8-E291-3F250B27363E">
<createdBy>usuario</createdBy>
<createdTime>2024-11-04 18:06:15 UTC</createdTime>
<ownerDesignName>tienda_ropa_2</ownerDesignName>
</ColumnProxy>
<ColumnProxy name="cantidad" id="D9D70CCB-D869-6C2D-4D91-387F80A1B959">
<createdBy>usuario</createdBy>
<createdTime>2024-11-04 18:06:15 UTC</createdTime>
<ownerDesignName>tienda_ropa_2</ownerDesignName>
<defaultValue>1</defaultValue>
</ColumnProxy>
<ColumnProxy name="precio" id="E1C112C8-6589-30C7-E88A-7FDEAC1BB9D9">
<createdBy>usuario</createdBy>
<createdTime>2024-11-04 18:06:15 UTC</createdTime>
<ownerDesignName>tienda_ropa_2</ownerDesignName>
</ColumnProxy>
<ColumnProxy name="nombre" id="F8DFC747-6420-473D-903A-2981AFAB0C8C">
<createdBy>usuario</createdBy>
<createdTime>2024-11-04 18:06:15 UTC</createdTime>
<ownerDesignName>tienda_ropa_2</ownerDesignName>
</ColumnProxy>
</columnProxies>
<foreignKeys>
<ForeignKey class="oracle.dbtools.crest.model.design.storage.oracle.v10g.FKProxyOraclev10g" name="carrito_productos_FK" id="D2D9FB5D-ECC9-83BF-AE97-F4D2C20991E1">
<createdBy>usuario</createdBy>
<createdTime>2024-11-04 18:06:15 UTC</createdTime>
<ownerDesignName>tienda_ropa_2</ownerDesignName>
</ForeignKey>
</foreignKeys>
<primaryKeys>
<PrimaryKey class="oracle.dbtools.crest.model.design.storage.oracle.v10g.PKProxyOraclev10g" name="carrito_pk" id="7017CECD-D2A9-AD7F-C3DD-8EBF82621FCE">
<createdBy>usuario</createdBy>
<createdTime>2024-11-04 18:06:15 UTC</createdTime>
<ownerDesignName>tienda_ropa_2</ownerDesignName>
<nameChanged>true</nameChanged>
<indexSort>SORTED</indexSort>
</PrimaryKey>
</primaryKeys>
</TableProxyOraclev11g>